Nome de Pregão,Razão Social,Tipo,Segmento,CNPJ,Ticker
3M,3M COMPANY,,DRN,,MMMC34
3R PETROLEUM,3R PETROLEUM ÓLEO E GÁS S.A,ON,NM,12.091.809/0001-55,RRRP3
524 PARTICIP,524 PARTICIPACOES S.A.,ON,MB,01.851.771/0001-55,QVQP3B
AB INBEV,ANHEUSER-BUSCH INBEV SA/NV,,DRN,,ABUD34
ABB LTD,ABB LTD,,DRN,,A1BB34
ABBOTT,ABBOTT LABORATORIES,,DRN,,ABTT34
ABBVIE,ABBVIE INC.,,DRN,,ABBV34
ABC BRASIL,BCO ABC BRASIL S.A.,PN DIR,N2,28.195.667/0001-06,ABCB2
ABC BRASIL,BCO ABC BRASIL S.A.,PN,N2,28.195.667/0001-06,ABCB4
ABIOMED INC,ABIOMED Inc,,DRN,,A1BM34
ACCENTURE,ACCENTURE PLC,,DRN,,ACNB34
ACO ALTONA,ELECTRO ACO ALTONA S.A.,PN,,82.643.537/0001-34,EALT4
ACO ALTONA,ELECTRO ACO ALTONA S.A.,ON,,82.643.537/0001-34,EALT3
ACTIVISION,ACTIVISION BLIZZARD INC,,DRN,,ATVI34
ADOBE INC,ADOBE INC,,DRN,,ADBE34
ADVANCE AUTO,ADVANCE AUTO PARTS INC,,DRN,,A1AP34
ADVANCED MIC,ADVANCED MICRO DEVICES INC,,DRN,,A1MD34
AEGON NV,AEGON NV,,DRN,,A1EG34
AERIS,AERIS IND. E COM. DE EQUIP. GERACAO DE ENERGIA S/A,ON,NM,12.528.708/0001-07,AERI3
AES CORP,AES CORP,,DRN,,A1ES34
AES TIETE E,AES TIETE ENERGIA SA,UNT,N2,04.128.563/0001-10,TIET11
AES TIETE E,AES TIETE ENERGIA SA,PN,N2,04.128.563/0001-10,TIET4
AES TIETE E,AES TIETE ENERGIA SA,ON,N2,04.128.563/0001-10,TIET3
AFLAC INC,AFLAC INC,,DRN,,A1FL34
AFLUENTE T,AFLUENTE TRANSMISSÃO DE ENERGIA ELÉTRICA S/A,ON,,10.338.320/0001-00,AFLT3
AGILENT TECH,AGILENT TECHNOLOGIES INC,,DRN,,A1GI34
AIG GROUP,AMERICAN INTERNATIONAL GROUP INC.,,DRN,,AIGB34
AIR PRODUCTS,AIR PRODUCTS & CHEMICALS INC,,DRN,,A1PD34
AKAMAI TECHN,AKAMAI TECHNOLOGIES INC,,DRN,,A1KA34
ALASKA AIR G,ALASKA AIR GROUP INC,,DRN,,A1LK34
ALBEMARLE CO,ALBEMARLE CORP,,DRN,,A1LB34
ALEF S/A,ALEF S.A.,ON,MB,02.217.319/0001-07,ALEF3B
ALEXANDRIA R,ALEXANDRIA REAL ESTATE EQUITIES INC,,DRN,,A1RE34
ALEXION PHAR,ALEXION PHARMACEUTICALS INC,,DRN,,A1LX34
ALFA CONSORC,CONSORCIO ALFA DE ADMINISTRACAO S.A.,UNT,,17.193.806/0001-46,BRGE11
ALFA CONSORC,CONSORCIO ALFA DE ADMINISTRACAO S.A.,PND,,17.193.806/0001-46,BRGE8
ALFA CONSORC,CONSORCIO ALFA DE ADMINISTRACAO S.A.,PNC,,17.193.806/0001-46,BRGE7
ALFA CONSORC,CONSORCIO ALFA DE ADMINISTRACAO S.A.,PNB,,17.193.806/0001-46,BRGE6
ALFA CONSORC,CONSORCIO ALFA DE ADMINISTRACAO S.A.,PNA,,17.193.806/0001-46,BRGE5
ALFA CONSORC,CONSORCIO ALFA DE ADMINISTRACAO S.A.,ON,,17.193.806/0001-46,BRGE3
ALFA CONSORC,CONSORCIO ALFA DE ADMINISTRACAO S.A.,,,17.193.806/0001-46,BRGE12
ALFA FINANC,FINANCEIRA ALFA S.A.- CRED FINANC E INVS,PN,,17.167.412/0001-13,CRIV4
ALFA FINANC,FINANCEIRA ALFA S.A.- CRED FINANC E INVS,ON,,17.167.412/0001-13,CRIV3
ALFA HOLDING,ALFA HOLDINGS S.A.,PNB,,17.167.396/0001-69,RPAD6
ALFA HOLDING,ALFA HOLDINGS S.A.,PNA,,17.167.396/0001-69,RPAD5
ALFA HOLDING,ALFA HOLDINGS S.A.,ON,,17.167.396/0001-69,RPAD3
ALFA INVEST,BCO ALFA DE INVESTIMENTO S.A.,PN,,60.770.336/0001-65,BRIV4
ALFA INVEST,BCO ALFA DE INVESTIMENTO S.A.,ON,,60.770.336/0001-65,BRIV3
ALIANSCSONAE,ALIANSCE SONAE SHOPPING CENTERS S.A.,ON,NM,05.878.397/0001-32,ALSO3
ALIBABAGR,ALIBABA GROUP HOLDING LTD,,DRN,,BABA34
ALIGN TECHNO,ALIGN TECHNOLOGY INC,,DRN,,A1LG34
ALIPERTI,SIDERURGICA J. L. ALIPERTI S.A.,PN,,61.156.931/0001-78,APTI4
ALIPERTI,SIDERURGICA J. L. ALIPERTI S.A.,ON,,61.156.931/0001-78,APTI3
ALL NORTE,RUMO MALHA NORTE S.A.,PNB,MB,24.962.466/0001-36,FRRN6B
ALL NORTE,RUMO MALHA NORTE S.A.,PNA,MB,24.962.466/0001-36,FRRN5B
ALL NORTE,RUMO MALHA NORTE S.A.,ON,MB,24.962.466/0001-36,FRRN3B
ALLEGION PLC,ALLEGION PLC,,DRN,,A1GN34
ALLIANCE DAT,ALLIANCE DATA SYSTEMS CORP,,DRN,,A1LL34
ALLIANT ENER,ALLIANT ENERGY CORP,,DRN,,A1EN34
ALLIAR,CENTRO DE IMAGEM DIAGNOSTICOS S.A.,ON,NM,42.771.949/0001-35,AALR3
ALLSTATE COR,ALLSTATE CORP,,DRN,,A1TT34
ALNYLAM PHAR,ALNYLAM PHARMACEUTICALS INC,,DRN,,A1LN34
ALPARGATAS,ALPARGATAS S.A.,PN,N1,61.079.117/0001-05,ALPA4
ALPARGATAS,ALPARGATAS S.A.,ON,N1,61.079.117/0001-05,ALPA3
ALPER S.A.,ALPER CONSULTORIA E CORRETORA DE SEGUROS S.A.,ON,NM,11.721.921/0001-60,APER3
ALPHABET,ALPHABET INC.,,DRN,,GOGL34
ALPHABET,ALPHABET INC.,,DRN,,GOGL35
ALPHAVILLE,ALPHAVILLE S.A.,UNT,NM,16.811.931/0001-00,AVLL11
ALPHAVILLE,ALPHAVILLE S.A.,ON,NM,16.811.931/0001-00,AVLL3
ALTERYX INC,ALTERYX INC,,DRN,,A1YX34
ALTRIA GROUP,ALTRIA GROUP. INC.,,DRN,,MOOO34
ALUPAR,ALUPAR INVESTIMENTO S/A,UNT,N2,08.364.948/0001-38,ALUP11
ALUPAR,ALUPAR INVESTIMENTO S/A,PN,N2,08.364.948/0001-38,ALUP4
ALUPAR,ALUPAR INVESTIMENTO S/A,ON,N2,08.364.948/0001-38,ALUP3
AMAZON,AMAZON.COM. INC,,DRN,,AMZO34
AMAZONIA,BCO AMAZONIA S.A.,ON,,04.902.979/0001-44,BAZA3
AMBEV S/A,AMBEV S.A.,ON,,07.526.557/0001-00,ABEV3
AMBIPAR,AMBIPAR PARTICIPACOES E EMPREENDIMENTOS S/A,ON,NM,12.648.266/0001-24,AMBP3
AMCOR PLC,AMCOR PLC,,DRN,,A1CR34
AMEREN CORP,AMEREN CORP,,DRN,,A1EE34
AMERICAMOVIL,AMÉRICA MÓVIL SAB DE CV,,DRN,,A1MX34
AMERICAN AIR,AMERICAN AIRLINES GROUP INC.,,DRN,,AALL34
AMERICAN ELE,AMERICAN ELECTRIC POWER CO INC,,DRN,,A1EP34
AMERICAN EXP,AMERICAN EXPRESS COMPANY,,DRN,,AXPB34
AMERICAN TOW,AMERICAN TOWER CORP,,DRN,,T1OW34
AMERICAN WAT,AMERICAN WATER WORKS CO INC,,DRN,,A1WK34
AMERIPRISE F,AMERIPRISE FINANCIAL INC,,DRN,,A1MP34
AMERISOURCEB,AMERISOURCEBERGEN CORP,,DRN,,A1MB34
AMETEK INC,AMETEK INC,,DRN,,A1ME34
AMGEN,AMGEN INC.,,DRN,,AMGN34
AMPHENOL COR,AMPHENOL CORP,,DRN,,A1PH34
AMPLA ENERG,AMPLA ENERGIA E SERVICOS S.A.,ON,,33.050.071/0001-58,CBEE3
ANALOG DEVIC,ANALOG DEVICES INC,,DRN,,A1DI34
ANGLOGOLD AS,ANGLOGOLD ASHANTI LTD,,DRN,,A1UA34
ANIMA,ANIMA HOLDING S.A.,ON,NM,09.288.252/0001-32,ANIM3
ANSYS INC,ANSYS INC,,DRN,,A1NS34
ANTHEM INC,ANTHEM INC,,DRN,,A1NT34
AO SMITH COR,AO SMITH CORP,,DRN,,A1OS34
AON PLC,AON PLC,,DRN,,A1ON34
APACHE CORP,APACHE CORP,,DRN,,A1PA34
APARTMENT IN,APARTMENT INVESTMENT & MANAGEMENT CO,,DRN,,A1IV34
APPLE,APPLE INC.,,DRN,,AAPL34
APPLIED MATE,APPLIED MATERIALS INC,,DRN,,A1MT34
APTIV PLC,APTIV PLC,,DRN,,APTV34
ARCELOR,ARCELORMITTAL,,DRN,,ARMT34
ARCHER DANIE,ARCHER-DANIELS-MIDLAND CO,,DRN,,A1DM34
AREZZO CO,AREZZO INDÚSTRIA E COMÉRCIO S.A.,ON,NM,16.590.234/0001-76,ARZZ3
ARGENX SE,ARGENX SE,,DRN,,A1RG34
ARISTA NETWO,ARISTA NETWORKS INC,,DRN,,A1NE34
ARMSTRONG,ARMSTRONG WORLD INDUSTRIES INC,,DRN,,AWII34
ARTHUR J GAL,ARTHUR J GALLAGHER & CO,,DRN,,A1JG34
ASCENDIS PHA,ASCENDIS PHARMA A/S,,DRN,,A1SN34
ASML HOLD,ASML HOLDING NV,,DRN,,ASML34
ASSURANT INC,ASSURANT INC,,DRN,,A1SU34
ASTRAZENECA,ASTRAZENECA PLC,,DRN,,A1ZN34
ATLASSIAN CO,ATLASSIAN CORPORATION PLC,,DRN,,T1AM34
ATMASA,ATMA PARTICIPAÇÕES S.A.,ON,NM,04.032.433/0001-80,ATMP3
ATMOS ENERGY,ATMOS ENERGY CORP,,DRN,,A1TM34
ATOMPAR,ATOM EMPREENDIMENTOS E PARTICIPAÇÕES S.A.,ON,,00.359.742/0001-08,ATOM3
ATT INC,AT&T INC.,,DRN,,ATTB34
AURA 360,AURA MINERALS INC.,,DR3,07.857.093/0001-14,AURA33
AUTODESK INC,AUTODESK INC,,DRN,,A1UT34
AUTOHOME INC,AUTOHOME INC,,DRN,,A1TH34
AUTOMATIC DT,AUTOMATIC DATA PROCESSING INC,,DRN,,ADPR34
AUTOZONE INC,AUTOZONE INC,,DRN,,AZOI34
AVALONBAY CO,AVALONBAY COMMUNITIES INC,,DRN,,A1VB34
AVERY DENNIS,AVERY DENNISON CORP,,DRN,,A1VY34
AZEVEDO,AZEVEDO E TRAVASSOS S.A.,PN,,61.351.532/0001-68,AZEV4
AZEVEDO,AZEVEDO E TRAVASSOS S.A.,ON,,61.351.532/0001-68,AZEV3
AZUL,AZUL S.A.,PN,N2,09.305.994/0001-29,AZUL4
B2W DIGITAL,B2W - COMPANHIA DIGITAL,ON,NM,00.776.574/0001-56,BTOW3
B3,B3 S.A. - BRASIL. BOLSA. BALCÃO,ON,NM,09.346.601/0001-25,B3SA3
BAHEMA,BAHEMA EDUCAÇÃO S.A.,ON,MA,45.987.245/0001-92,BAHI3
BAIDU INC,BAIDU INC,,DRN,,BIDU34
BAKER HUGHES,BAKER HUGHES CO,,DRN,,B1KR34
BALL CORP,BALL CORP,,DRN,,B1LL34
BANCO BMG,BANCO BMG S.A.,PN,N1,61.186.680/0001-74,BMGB4
BANCO INTER,BANCO INTER S.A.,UNT,N2,00.416.968/0001-01,BIDI11
BANCO INTER,BANCO INTER S.A.,PN,N2,00.416.968/0001-01,BIDI4
BANCO INTER,BANCO INTER S.A.,ON,N2,00.416.968/0001-01,BIDI3
BANCO PAN,BCO PAN S.A.,PN,N1,59.285.411/0001-13,BPAN4
BANCO SANTAN,BANCO SANTANDER CHILE,,DRN,,B1SA34
BANESE,BCO ESTADO DE SERGIPE S.A. - BANESE,PN,,13.009.717/0001-46,BGIP4
BANESE,BCO ESTADO DE SERGIPE S.A. - BANESE,ON,,13.009.717/0001-46,BGIP3
BANESTES,BANESTES S.A. - BCO EST ESPIRITO SANTO,PN,,28.127.603/0001-78,BEES4
BANESTES,BANESTES S.A. - BCO EST ESPIRITO SANTO,ON,,28.127.603/0001-78,BEES3
BANK AMERICA,BANK OF AMERICA CORPORATION,,DRN,,BOAC34
BANPARA,BCO ESTADO DO PARA S.A.,ON,,04.913.711/0001-08,BPAR3
BANRISUL,BCO ESTADO DO RIO GRANDE DO SUL S.A.,PNB,N1,92.702.067/0001-96,BRSR6
BANRISUL,BCO ESTADO DO RIO GRANDE DO SUL S.A.,PNA,N1,92.702.067/0001-96,BRSR5
BANRISUL,BCO ESTADO DO RIO GRANDE DO SUL S.A.,ON,N1,92.702.067/0001-96,BRSR3
BARCLAYS PLC,BARCLAYS PLC,,DRN,,B1CS34
BARDELLA,BARDELLA S.A. INDUSTRIAS MECANICAS,PN,,60.851.615/0001-53,BDLL4
BARDELLA,BARDELLA S.A. INDUSTRIAS MECANICAS,ON,,60.851.615/0001-53,BDLL3
BATTISTELLA,BATTISTELLA ADM PARTICIPACOES S.A.,ON,,42.331.462/0001-31,BTTL3
BAUMER,BAUMER S.A.,PN,,61.374.161/0001-30,BALM4
BAUMER,BAUMER S.A.,ON,,61.374.161/0001-30,BALM3
BAXTER INTER,BAXTER INTERNATIONAL INC,,DRN,,B1AX34
BBMLOGISTICA,BBM LOGISTICA S.A.,ON,MA,01.107.327/0001-20,BBML3
BBSEGURIDADE,BB SEGURIDADE PARTICIPAÇÕES S.A.,ON,NM,17.344.597/0001-94,BBSE3
BECTON DICKI,BECTON DICKINSON AND CO,,DRN,,B1DX34
BEIGENE LTD,BEIGENE LTD,,DRN,,B1GN34
BERKSHIRE,BERKSHIRE HATHAWAY INC.,,DRN,,BERK34
BEST BUY,BEST BUY CO.. INC.,,DRN,,BBYY34
BETAPART,BETAPART PARTICIPACOES S.A.,ON,MB,02.762.124/0001-30,BETP3B
BHP GROUP,BHP GROUP LTD,,DRN,,BHPG34
BHP GROUP PL,BHP GROUP PLC,,DRN,,B1BL34
BIC MONARK,BICICLETAS MONARK S.A.,ON,,56.992.423/0001-90,BMKS3
BILBAOVIZ,BANCO BILBAO VIZCAYA ARGENTARIA SA,,DRN,,BILB34
BILIBILI INC,BILIBILI INC,,DRN,,B1IL34
BIO-TECHNE C,BIO-TECHNE CORPORATION,,DRN,,T1CH34
BIOGEN,BIOGEN INC.,,DRN,,BIIB34
BIOMARIN PHA,BIOMARIN PHARMACEUTICAL INC,,DRN,,B1MR34
BIOMM,BIOMM S.A.,UNT,MA,04.752.991/0001-10,BIOM11
BIOMM,BIOMM S.A.,ON,MA,04.752.991/0001-10,BIOM3
BIONTECH SE,BIONTECH SE,,DRN,,B1NT34
BIOSEV,BIOSEV S.A.,ON,NM,15.527.906/0001-36,BSEV3
BK BRASIL,BK BRASIL OPERAÇÃO E ASSESSORIA A RESTAURANTES SA,ON,NM,13.574.594/0001-96,BKBR3
BLACKROCK,BLACKROCK. INC.,,DRN,,BLAK34
BNY MELLON,THE BANK OF NEW YORK MELLON CORPORATION,,DRN,,BONY34
BOA VISTA,BOA VISTA SERVIÇOS S.A.,ON,NM,11.725.176/0001-27,BOAS3
BOEING,THE BOEING COMPANY,,DRN,,BOEI34
BOMBRIL,BOMBRIL S.A.,PN,,50.564.053/0001-03,BOBR4
BOMBRIL,BOMBRIL S.A.,ON,,50.564.053/0001-03,BOBR3
BOOKING,BOOKING HOLDINGS INC,,DRN,,BKNG34
BORGWARNER I,BORGWARNER INC,,DRN,,B1WA34
BOSTON PROP,BOSTON PROPERTIES. INC,,DRN,,BOXP34
BOSTON SCIEN,BOSTON SCIENTIFIC CORP,,DRN,,B1SX34
BP PLC,BP PLC,,DRN,,B1PP34
BR BROKERS,BRASIL BROKERS PARTICIPACOES S.A.,ON,NM,08.613.550/0001-98,BBRK3
BR MALLS PAR,BR MALLS PARTICIPACOES S.A.,ON,NM,06.977.745/0001-91,BRML3
BR PROPERT,BR PROPERTIES S.A.,ON,NM,06.977.751/0001-49,BRPR3
BRADESCO,BCO BRADESCO S.A.,PN,N1,60.746.948/0001-12,BBDC4
BRADESCO,BCO BRADESCO S.A.,ON,N1,60.746.948/0001-12,BBDC3
BRADESPAR,BRADESPAR S.A.,PN,N1,03.847.461/0001-92,BRAP4
BRADESPAR,BRADESPAR S.A.,ON,N1,03.847.461/0001-92,BRAP3
BRASIL,BCO BRASIL S.A.,UNT,NM,00.000.000/0001-91,BBAS11
BRASIL,BCO BRASIL S.A.,ON,NM,00.000.000/0001-91,BBAS3
BRASIL,BCO BRASIL S.A.,,NM,00.000.000/0001-91,BBAS12
BRASILAGRO,BRASILAGRO - CIA BRAS DE PROP AGRICOLAS,ON,NM,07.628.528/0001-59,AGRO3
BRASKEM,BRASKEM S.A.,PNB,N1,42.150.391/0001-70,BRKM6
BRASKEM,BRASKEM S.A.,PNA,N1,42.150.391/0001-70,BRKM5
BRASKEM,BRASKEM S.A.,ON,N1,42.150.391/0001-70,BRKM3
BRAZILIAN SC,BRAZILIAN SECURITIES CIA SECURITIZACAO,,,03.767.538/0001-14,BSCS-CRIT2B0
BRAZILIAN SC,BRAZILIAN SECURITIES CIA SECURITIZACAO,,,03.767.538/0001-14,BSCS-CRIT3B0
BRB BANCO,BRB BCO DE BRASILIA S.A.,PN,,00.000.208/0001-00,BSLI4
BRB BANCO,BRB BCO DE BRASILIA S.A.,ON,,00.000.208/0001-00,BSLI3
BRF SA,BRF S.A.,ON,NM,01.838.723/0001-27,BRFS3
BRISTOLMYERS,BRISTOL-MYERS SQUIBB COMPANY,,DRN,,BMYB34
BRITISH AMER,BRITISH AMERICAN TOBACCO PLC,,DRN,,B1TI34
BROADCOM INC,BROADCOM INC,,DRN,,AVGO34
BROADRIDGE F,BROADRIDGE FINANCIAL SOLUTIONS INC,,DRN,,B1RF34
BROOKFIELD A,BROOKFIELD ASSET MANAGEMENT INC,,DRN,,B1AM34
BROWN FORMAN,BROWN FORMAN CORP,,DRN,,B1FC34
BRPR 56 SEC,BRPR 56 SECURITIZADORA CRED IMOB S.A.,,,06.137.677/0001-52,WTVR-CRI11B0
BRQ,BRQ SOLUCOES EM INFORMATICA S.A.,ON,MA,36.542.025/0001-64,BRQB3
BTGP BANCO,BCO BTG PACTUAL S.A.,UNT,N2,30.306.294/0001-45,BPAC11
BTGP BANCO,BCO BTG PACTUAL S.A.,PNA,N2,30.306.294/0001-45,BPAC5
BTGP BANCO,BCO BTG PACTUAL S.A.,ON,N2,30.306.294/0001-45,BPAC3
CABINDA PART,CABINDA PARTICIPACOES S.A.,ON,MB,04.030.182/0001-02,CABI3B
CABLE ONE IN,CABLE ONE INC,,DRN,,C1AB34
CABOT OIL,CABOT OIL & GAS CORP,,DRN,,C1OG34
CACONDE PART,CACONDE PARTICIPACOES S.A.,ON,MB,04.031.213/0001-31,CACO3B
CADENCE DESI,CADENCE DESIGN SYSTEMS INC,,DRN,,C1DN34
CAMBUCI,CAMBUCI S.A.,ON,,61.088.894/0001-08,CAMB3
CAMIL,CAMIL ALIMENTOS S.A.,ON,NM,64.904.295/0001-03,CAML3
CAMPBELL SOU,Campbell Soup Co,,DRN,,C1PB34
CANAD NATION,CANADIAN NATIONAL RAILWAY CO,,DRN,,CNIC34
CANAD PACIFI,CANADIAN PACIFIC RAILWAY LTD,,DRN,,CPRL34
CANON INC,CANON INC,,DRN,,CAJI34
CAPITAL ONE,CAPITAL ONE FINANCIAL CORP,,DRN,,CAON34
CAPRI HOLDI,CAPRI HOLDINGS LTD,,DRN,,CAPH34
CARDINAL HEA,CARDINAL HEALTH INC,,DRN,,C1AH34
CARMAX INC,CARMAX INC,,DRN,,K1MX34
CARNIVAL COR,CARNIVAL CORP,,DRN,,C1CL34
CARREFOUR BR,ATACADÃO S.A.,ON,NM,75.315.333/0001-09,CRFB3
CARRIER GLOB,CARRIER GLOBAL CORPORATION,,DRN,,C1RR34
CARTERS INC,CARTERS INC,,DRN,,CRIN34
CASAN,CIA CATARINENSE DE AGUAS E SANEAM.-CASAN,PN,,82.508.433/0001-17,CASN4
CASAN,CIA CATARINENSE DE AGUAS E SANEAM.-CASAN,ON,,82.508.433/0001-17,CASN3
CATERPILLAR,CATERPILLAR INC.,,DRN,,CATP34
CBOE GLOBAL,CBOE GLOBAL MARKETS INC,,DRN,,C1BO34
CBRE GROUP I,CBRE GROUP INC,,DRN,,C1BR34
CCR SA,CCR S.A.,ON,NM,02.846.056/0001-97,CCRO3
CDW CORP,CDW CORPORATION,,DRN,,C1DW34
CEA MODAS,CEA MODAS S.A.,ON,NM,45.242.914/0001-05,CEAB3
CEB,CIA ENERGETICA DE BRASILIA,PNB,,00.070.698/0001-11,CEBR6
CEB,CIA ENERGETICA DE BRASILIA,PNA,,00.070.698/0001-11,CEBR5
CEB,CIA ENERGETICA DE BRASILIA,ON,,00.070.698/0001-11,CEBR3
CEDRO,CIA FIACAO TECIDOS CEDRO CACHOEIRA,PN,N1,17.245.234/0001-00,CEDO4
CEDRO,CIA FIACAO TECIDOS CEDRO CACHOEIRA,ON,N1,17.245.234/0001-00,CEDO3
CEEE-D,CIA ESTADUAL DE DISTRIB ENER ELET-CEEE-D,PN,N1,08.467.115/0001-00,CEED4
CEEE-D,CIA ESTADUAL DE DISTRIB ENER ELET-CEEE-D,ON,N1,08.467.115/0001-00,CEED3
CEEE-GT,CIA ESTADUAL GER.TRANS.ENER.ELET-CEEE-GT,PN,N1,92.715.812/0001-31,EEEL4
CEEE-GT,CIA ESTADUAL GER.TRANS.ENER.ELET-CEEE-GT,ON,N1,92.715.812/0001-31,EEEL3
CEG,CIA DISTRIB DE GAS DO RIO DE JANEIRO-CEG,ON,,33.938.119/0001-69,CEGR3
CELANESE COR,CELANESE CORP,,DRN,,C1NS34
CELESC,CENTRAIS ELET DE SANTA CATARINA S.A.,PN,N2,83.878.892/0001-55,CLSC4
CELESC,CENTRAIS ELET DE SANTA CATARINA S.A.,ON,N2,83.878.892/0001-55,CLSC3
CELGPAR,CIA CELG DE PARTICIPACOES - CELGPAR,ON,,08.560.444/0001-93,GPAR3
CELPE,CIA ENERGETICA DE PERNAMBUCO - CELPE,PNB,,10.835.932/0001-08,CEPE6
CELPE,CIA ENERGETICA DE PERNAMBUCO - CELPE,PNA,,10.835.932/0001-08,CEPE5
CELPE,CIA ENERGETICA DE PERNAMBUCO - CELPE,ON,,10.835.932/0001-08,CEPE3
CEMEPE,CEMEPE INVESTIMENTOS S.A.,PN,,93.828.986/0001-73,MAPT4
CEMEPE,CEMEPE INVESTIMENTOS S.A.,ON,,93.828.986/0001-73,MAPT3
CEMIG,CIA ENERGETICA DE MINAS GERAIS - CEMIG,PN,N1,17.155.730/0001-64,CMIG4
CEMIG,CIA ENERGETICA DE MINAS GERAIS - CEMIG,ON,N1,17.155.730/0001-64,CMIG3
CENTAURO,GRUPO SBF SA,ON,NM,13.217.485/0001-11,CNTO3
CENTENE CORP,CENTENE CORP,,DRN,,C1NC34
CENTERPOINT,CENTERPOINT ENERGY INC,,DRN,,C1NP34
CERNER CORP,CERNER CORP,,DRN,,C1ER34
CESP,CESP - CIA ENERGETICA DE SAO PAULO,PNB,N1,60.933.603/0001-78,CESP6
CESP,CESP - CIA ENERGETICA DE SAO PAULO,PNA,N1,60.933.603/0001-78,CESP5
CESP,CESP - CIA ENERGETICA DE SAO PAULO,ON,N1,60.933.603/0001-78,CESP3
CF INDUSTRIE,CF INDUSTRIES HOLDINGS INC,,DRN,,C1FI34
CH ROBINSON,CH ROBINSON WORLDWIDE INC,,DRN,,C1HR34
CHARTER COMM,CHARTER COMMUNICATIONS INC,,DRN,,CHCM34
CHECK POINT,CHECK POINT SOFTWARE TECHNOLOGIES LTD,,DRN,,C1HK34
CHEVRON,CHEVRON CORPORATION,,DRN,,CHVX34
CHINA LIFE I,CHINA LIFE INSURANCE CO LTD,,DRN,,L1FC34
CHINA MOBILE,CHINA MOBILE LTD,,DRN,,C1HL34
CHINA PETROL,CHINA PETROLEUM & CHEMICAL CORP,,DRN,,C1HI34
CHIPOTLE MEX,CHIPOTLE MEXICAN GRILL INC,,DRN,,C1MG34
CHUBB LTD,CHUBB LTD,,DRN,,C1BL34
CHUNGHWA TEL,CHUNGHWA TELECOM CO LTD,,DRN,,C1HT34
CHURCH DWIGH,CHURCH & DWIGHT CO INC,,DRN,,CHDC34
CIA HERING,CIA HERING,ON,NM,78.876.950/0001-71,HGTX3
CIBRASEC,CIBRASEC - COMPANHIA BRASILEIRA DE SECURITIZACAO,,,02.105.040/0001-23,CBSC-CRA19B0
CIBRASEC,CIBRASEC - COMPANHIA BRASILEIRA DE SECURITIZACAO,,,02.105.040/0001-23,CBSC-CRA1BB0
CIELO,CIELO S.A.,ON,NM,01.027.058/0001-91,CIEL3
CIGNA CORP,Cigna Corp,,DRN,,C1IC34
CIMS,CIMS S.A.,PN,,00.272.185/0001-93,CMSA4
CIMS,CIMS S.A.,ON,,00.272.185/0001-93,CMSA3
CINCINNATI,CINCINNATI FINANCIAL CORP,,DRN,,CINF34
CINESYSTEM,CINESYSTEM S.A.,ON,MA,07.437.016/0001-05,CNSY3
CINTAS CORP,CINTAS CORP,,DRN,,C1TA34
CISCO,CISCO SYSTEMS. INC.,,DRN,,CSCO34
CITIGROUP,CITIGROUP INC.,,DRN,,CTGP34
CITIZENS FIN,CITIZENS FINANCIAL GROUP INC,,DRN,,C1FG34
CITRIX SYSTE,CITRIX SYSTEMS INC,,DRN,,C1TX34
CLOROX CO,CLOROX COMPANY,,DRN,,CLXC34
CME GROUP,CME GROUP INC.,,DRN,,CHME34
CMS ENERGY C,CMS ENERGY CORP,,DRN,,C1MS34
CNOOC LTD,CNOOC LTD,,DRN,,C1EO34
COCA COLA,THE COCA-COLA COMPANY,,DRN,,COCA34
COELBA,CIA ELETRICIDADE EST. DA BAHIA - COELBA,PNB,,15.139.629/0001-94,CEEB6
COELBA,CIA ELETRICIDADE EST. DA BAHIA - COELBA,PNA,,15.139.629/0001-94,CEEB5
COELBA,CIA ELETRICIDADE EST. DA BAHIA - COELBA,ON,,15.139.629/0001-94,CEEB3
COELCE,CIA ENERGETICA DO CEARA - COELCE,PNB,,07.047.251/0001-70,COCE6
COELCE,CIA ENERGETICA DO CEARA - COELCE,PNA,,07.047.251/0001-70,COCE5
COELCE,CIA ENERGETICA DO CEARA - COELCE,ON,,07.047.251/0001-70,COCE3
COGNA ON,COGNA EDUCAÇÃO S.A.,ON,NM,02.800.026/0001-40,COGN3
COGNIZANT,COGNIZANT TECHNOLOGY SOLUTIONS,,DRN,,CTSH34
COLGATE,COLGATE-PALMOLIVE COMPANY,,DRN,,COLG34
COMCAST,COMCAST CORPORATION,,DRN,,CMCS34
COMERICA INC,COMERICA INC,,DRN,,C1MA34
COMGAS,CIA GAS DE SAO PAULO - COMGAS,PNA,,61.856.571/0001-17,CGAS5
COMGAS,CIA GAS DE SAO PAULO - COMGAS,ON,,61.856.571/0001-17,CGAS3
CONAGRA BRAN,CONAGRA BRANDS INC,,DRN,,C1AG34
CONC RIO TER,CONC RIO-TERESOPOLIS S.A.,PNA,MB,00.938.574/0001-05,CRTE5B
CONC RIO TER,CONC RIO-TERESOPOLIS S.A.,ON,MB,00.938.574/0001-05,CRTE3B
CONCHO RESOU,CONCHO RESOURCES INC,,DRN,,C1XO34
CONSOLIDATED,Consolidated Edison Inc,,DRN,,E1DI34
CONST A LIND,CONSTRUTORA ADOLPHO LINDENBERG S.A.,PN,,61.022.042/0001-18,CALI4
CONST A LIND,CONSTRUTORA ADOLPHO LINDENBERG S.A.,ON,,61.022.042/0001-18,CALI3
CONSTELLATIO,CONSTELLATION BRANDS INC,,DRN,,STZB34
COOPER COMPA,COOPER COMPANIES INC,,DRN,,C1OO34
COPART INC,COPART INC,,DRN,,C1PR34
COPASA,CIA SANEAMENTO DE MINAS GERAIS-COPASA MG,ON,NM,17.281.106/0001-03,CSMG3
COPEL,CIA PARANAENSE DE ENERGIA - COPEL,PNB,N1,76.483.817/0001-20,CPLE6
COPEL,CIA PARANAENSE DE ENERGIA - COPEL,PNA,N1,76.483.817/0001-20,CPLE5
COPEL,CIA PARANAENSE DE ENERGIA - COPEL,ON,N1,76.483.817/0001-20,CPLE3
COPHILLIPS,CONOCOPHILLIPS,,DRN,,COPH34
COR RIBEIRO,CORREA RIBEIRO S.A. COMERCIO E INDUSTRIA,PN,,15.101.405/0001-93,CORR4
COR RIBEIRO,CORREA RIBEIRO S.A. COMERCIO E INDUSTRIA,ON,,15.101.405/0001-93,CORR3
CORE MIDCAP,ISHARES CORE S&P MID-CAP ETF,ETF,DRN,,BIJH39
CORE SP 500,ISHARES CORE S&P 500 ETF,ETF,DRN,,BIVB39
CORE SP TOTA,ISHARES CORE S&P TOTAL US STOCK MARKET ETF,ETF,DRN,,BITO39
COREMSCI EMK,ISHARES CORE MSCI EMERGING MARKETS ETF,ETF,DRN,,BIEM39
COREMSCI EUR,ISHARES CORE MSCI EUROPE ETF,ETF,DRN,,BIEU39
COREMSCIEAFE,ISHARES CORE MSCI EAFE ETF,ETF,DRN,,BIEF39
CORESMALLCAP,ISHARES CORE S&P SMALL-CAP ETF,ETF,DRN,,BIJR39
CORNING INC,CORNING INC,,DRN,,G1LW34
CORTEVA INC,CORTEVA INC,,DRN,,C1TV34
COSAN,COSAN S.A.,ON,NM,50.746.577/0001-15,CSAN3
COSAN LOG,COSAN LOGISTICA S.A.,ON,NM,17.346.997/0001-39,RLOG3
COSERN,CIA ENERGETICA DO RIO GDE NORTE - COSERN,PNB,,08.324.196/0001-81,CSRN6
COSERN,CIA ENERGETICA DO RIO GDE NORTE - COSERN,PNA,,08.324.196/0001-81,CSRN5
COSERN,CIA ENERGETICA DO RIO GDE NORTE - COSERN,ON,,08.324.196/0001-81,CSRN3
COSTAR GROUP,COSTAR GROUP INC,,DRN,,C1GP34
COSTCO,COSTCO WHOLESALE CORPORATION,,DRN,,COWC34
COTEMINAS,CIA TECIDOS NORTE DE MINAS COTEMINAS,PN,,22.677.520/0001-76,CTNM4
COTEMINAS,CIA TECIDOS NORTE DE MINAS COTEMINAS,ON,,22.677.520/0001-76,CTNM3
COTY INC,COTY. INC.,,DRN,,COTY34
COUPA SOFTWA,COUPA SOFTWARE INC,,DRN,,C1OU34
CPFL ENERGIA,CPFL ENERGIA S.A.,ON,NM,02.429.144/0001-93,CPFE3
CR2,CR2 EMPREENDIMENTOS IMOBILIARIOS S.A.,ON,,07.820.907/0001-46,CRDE3
CREDIT ACCEP,CREDIT ACCEPTANCE CORP,,DRN,,CRDA34
CREDIT SUISS,CREDIT SUISSE GROUP AG,,DRN,,C1SU34
CRH PLC,CRH PLC,,DRN,,CRHP34
CRISTAL,TRONOX PIGMENTOS DO BRASIL S.A.,PNB,,15.115.504/0001-24,CRPG6
CRISTAL,TRONOX PIGMENTOS DO BRASIL S.A.,PNA,,15.115.504/0001-24,CRPG5
CRISTAL,TRONOX PIGMENTOS DO BRASIL S.A.,ON,,15.115.504/0001-24,CRPG3
CROWN CASTLE,CROWN CASTLE INTERNATIONAL CORP,,DRN,,C1CI34
CSU CARDSYST,CSU CARDSYSTEM S.A.,ON,NM,01.896.779/0001-38,CARD3
CSX CORP,CSX CORP,,DRN,,CSXC34
CTC S.A.,CTC - CENTRO DE TECNOLOGIA CANAVIEIRA S.A.,ON,MA,06.981.381/0001-13,CTCA3
CTRIPCOM,TRIP.COM GROUP LIMITED,,DRN,,CRIP34
CUMMINS INC,CUMMINS INC,,DRN,,C1MI34
CURY S/A,CURY CONSTRUTORA E INCORPORADORA S.A.,ON,NM,08.797.760/0001-83,CURY3
CVC BRASIL,CVC BRASIL OPERADORA E AGÊNCIA DE VIAGENS S.A.,UNT,NM,10.760.260/0001-19,CVCB11
CVC BRASIL,CVC BRASIL OPERADORA E AGÊNCIA DE VIAGENS S.A.,ON,NM,10.760.260/0001-19,CVCB3
CVS HEALTH,CVS HEALTH CORPORATION,,DRN,,CVSH34
CYRE COM-CCP,CYRELA COMMERCIAL PROPERT S.A. EMPR PART,ON,NM,08.801.621/0001-86,CCPR3
CYRELA REALT,CYRELA BRAZIL REALTY S.A.EMPREEND E PART,ON,NM,73.178.600/0001-18,CYRE3
D1000VFARMA,D1000 VAREJO FARMA PARTICIPAÇÕES S.A.,ON,NM,12.108.897/0001-50,DMVF3
DANAHER CORP,DANAHER CORPORATION,,DRN,,DHER34
DARDEN RESTA,DARDEN RESTAURANTS INC,,DRN,,D1RI34
DASA,DIAGNOSTICOS DA AMERICA S.A.,ON,,61.486.650/0001-83,DASA3
DATADOG INC,DATADOG INC,,DRN,,D1DG34
DAVITA INC,DAVITA INC,,DRN,,DVAI34
DEERE CO,DEERE & CO,,DRN,,DEEC34
DELL TECHNOL,DELL TECHNOLOGIES INC,,DRN,,D1EL34
DELTA,DELTA AIR LINES. INC.,,DRN,,DEAI34
DENTSPLY SIR,DENTSPLY SIRONA INC,,DRN,,XRAY34
DEUTSCHE AK,DEUTSCHE BANK AKTIENGESELLSCHAFT,,DRN,,DBAG34
DEVON ENERGY,DEVON ENERGY CORP,,DRN,,D1VN34
DEXCOM INC,DEXCOM INC,,DRN,,D1EX34
DIAGEO PL,DIAGEO PLC,,DRN,,DEOP34
DIAMONDBACK,Diamondback Energy Inc,,DRN,,F1AN34
DIGITAL REAL,DIGITAL REALTY TRUST INC,,DRN,,D1LR34
DIMED,DIMED S.A. DISTRIBUIDORA DE MEDICAMENTOS,PN,,92.665.611/0001-77,PNVL4
DIMED,DIMED S.A. DISTRIBUIDORA DE MEDICAMENTOS,ON,,92.665.611/0001-77,PNVL3
DIRECIONAL,DIRECIONAL ENGENHARIA S.A.,ON,NM,16.614.075/0001-00,DIRR3
DISCOVER FIN,Discover Financial Services,,DRN,,D1FS34
DISCOVERY IN,DISCOVERY INC,,DRN,,DCVY34
DISCOVERY IN,DISCOVERY INC,,DRN,,DCVY35
DISH NETWORK,DISH NETWORK CORP,,DRN,,D1IS34
DOCUSIGN INC,DOCUSIGN INC,,DRN,,D1OC34
DOHLER,DOHLER S.A.,PN,,84.683.408/0001-03,DOHL4
DOHLER,DOHLER S.A.,ON,,84.683.408/0001-03,DOHL3
DOLLAR GENER,DOLLAR GENERAL CORP,,DRN,,DGCO34
DOLLAR TREE,DOLLAR TREE INC,,DRN,,DLTR34
DOMINION ENE,DOMINION ENERGY INC,,DRN,,D1OM34
DOMMO,DOMMO ENERGIA S.A.,UNT,,08.926.302/0001-05,DMMO11
DOMMO,DOMMO ENERGIA S.A.,ON,,08.926.302/0001-05,DMMO3
DOVER CORP,DOVER CORP,,DRN,,D1OV34
DOW INC,DOW INC,,DRN,,D1OW34
DR HORTON IN,DR HORTON INC,,DRN,,D1HI34
DR REDDYS LA,DR REDDYS LABORATORIES LTD,,DRN,,R1DY34
DTCOM-DIRECT,DTCOM - DIRECT TO COMPANY S.A.,PN,,03.303.999/0001-36,DTCY4
DTCOM-DIRECT,DTCOM - DIRECT TO COMPANY S.A.,ON,,03.303.999/0001-36,DTCY3
DTE ENERGY C,DTE ENERGY CO,,DRN,,D1TE34
DUKE ENERGY,DUKE ENERGY CORPORATION,,DRN,,DUKB34
DUKE REALTY,DUKE REALTY CORP,,DRN,,D1RE34
DUPONT N INC,DUPONT DE NEMOURS INC.,,DRN,,DDNB34
DURATEX,DURATEX S.A.,ON,NM,97.837.181/0001-47,DTEX3
DXC TECHNOLO,DXC TECHNOLOGY CO,,DRN,,D1XC34
EASTMAN CHEM,EASTMAN CHEMICAL CO,,DRN,,E1MN34
EATON CORP P,Eaton Corp PLC,,DRN,,E1TN34
EBAY,EBAY INC.,,DRN,,EBAY34
ECO SEC AGRO,ECO SECURITIZADORA DIREITOS CRED AGRONEGÓCIO S.A.,,MB,10.753.164/0001-43,ECOA-CRA05B0
ECO SEC AGRO,ECO SECURITIZADORA DIREITOS CRED AGRONEGÓCIO S.A.,,MB,10.753.164/0001-43,ECOA-CRA93B0
ECO SEC AGRO,ECO SECURITIZADORA DIREITOS CRED AGRONEGÓCIO S.A.,,MB,10.753.164/0001-43,ECOA-CRA94B0
ECO SEC AGRO,ECO SECURITIZADORA DIREITOS CRED AGRONEGÓCIO S.A.,,MB,10.753.164/0001-43,ECOA-CRAA4B0
ECOLAB INC,ECOLAB INC,,DRN,,E1CL34
ECOPETROL SA,ECOPETROL SA,,DRN,,E1CO34
ECORODOVIAS,ECORODOVIAS INFRAESTRUTURA E LOGÍSTICA S.A.,ON,NM,04.149.454/0001-80,ECOR3
EDISON INTER,EDISON INTERNATIONAL,,DRN,,E1IX34
EDWARDS LIFE,EDWARDS LIFESCIENCES CORP,,DRN,,E1WL34
ELECTR ARTS,ELECTRONIC ARTS INC,,DRN,,EAIN34
ELEKTRO,ELEKTRO REDES S.A.,PN,,02.328.280/0001-97,EKTR4
ELEKTRO,ELEKTRO REDES S.A.,ON,,02.328.280/0001-97,EKTR3
ELETROBRAS,CENTRAIS ELET BRAS S.A. - ELETROBRAS,PNB,N1,00.001.180/0001-26,ELET6
ELETROBRAS,CENTRAIS ELET BRAS S.A. - ELETROBRAS,PNA,N1,00.001.180/0001-26,ELET5
ELETROBRAS,CENTRAIS ELET BRAS S.A. - ELETROBRAS,ON,N1,00.001.180/0001-26,ELET3
ELETROPAR,ELETROBRÁS PARTICIPAÇÕES S.A. - ELETROPAR,ON,,01.104.937/0001-70,LIPR3
EMAE,EMAE - EMPRESA METROP.AGUAS ENERGIA S.A.,PN,,02.302.101/0001-42,EMAE4
EMAE,EMAE - EMPRESA METROP.AGUAS ENERGIA S.A.,ON,,02.302.101/0001-42,EMAE3
EMBRAER,EMBRAER S.A.,ON,NM,07.689.002/0001-89,EMBR3
EMERSON ELEC,Emerson Electric Co,,DRN,,E1MR34
ENAUTA PART,ENAUTA PARTICIPAÇÕES S.A.,ON,NM,11.669.021/0001-10,ENAT3
ENCORPAR,EMPRESA NAC COM REDITO PART S.A.ENCORPAR,PN,,01.971.614/0001-83,ECPR4
ENCORPAR,EMPRESA NAC COM REDITO PART S.A.ENCORPAR,ON,,01.971.614/0001-83,ECPR3
ENEL AMERICA,ENEL AMERICAS SA,,DRN,,E1NI34
ENERGIAS BR,EDP - ENERGIAS DO BRASIL S.A.,ON,NM,03.983.431/0001-03,ENBR3
ENERGISA,ENERGISA S.A.,UNT,N2,00.864.214/0001-06,ENGI11
ENERGISA,ENERGISA S.A.,PN,N2,00.864.214/0001-06,ENGI4
ENERGISA,ENERGISA S.A.,ON,N2,00.864.214/0001-06,ENGI3
ENERGISA,ENERGISA S.A.,,N2,00.864.214/0001-06,ENGI12
ENERGISA MT,ENERGISA MATO GROSSO-DISTRIBUIDORA DE ENERGIA S/A,PN,,03.467.321/0001-99,ENMT4
ENERGISA MT,ENERGISA MATO GROSSO-DISTRIBUIDORA DE ENERGIA S/A,ON,,03.467.321/0001-99,ENMT3
ENEVA,ENEVA S.A,ON,NM,04.423.567/0001-21,ENEV3
ENGIE BRASIL,ENGIE BRASIL ENERGIA S.A.,ON,NM,02.474.103/0001-19,EGIE3
ENJOEI,ENJOEI.COM.BR ATIVIDADES DE INTERNET S.A.,ON,NM,16.922.038/0001-51,ENJU3
ENTERGY CORP,Entergy Corp,,DRN,,E1TR34
EOG RESOURCE,EOG RESOURCES INC,,DRN,,E1OG34
EQTL PARA,EQUATORIAL PARA DISTRIBUIDORA DE ENERGIA S.A.,PNC,,04.895.728/0001-80,EQPA7
EQTL PARA,EQUATORIAL PARA DISTRIBUIDORA DE ENERGIA S.A.,PNB,,04.895.728/0001-80,EQPA6
EQTL PARA,EQUATORIAL PARA DISTRIBUIDORA DE ENERGIA S.A.,PNA,,04.895.728/0001-80,EQPA5
EQTL PARA,EQUATORIAL PARA DISTRIBUIDORA DE ENERGIA S.A.,ON,,04.895.728/0001-80,EQPA3
EQTLMARANHAO,EQUATORIAL MARANHÃO DISTRIBUIDORA DE ENERGIA S.A.,PNB,MB,06.272.793/0001-84,EQMA6B
EQTLMARANHAO,EQUATORIAL MARANHÃO DISTRIBUIDORA DE ENERGIA S.A.,PNA,MB,06.272.793/0001-84,EQMA5B
EQTLMARANHAO,EQUATORIAL MARANHÃO DISTRIBUIDORA DE ENERGIA S.A.,ON,MB,06.272.793/0001-84,EQMA3B
EQUATORIAL,EQUATORIAL ENERGIA S.A.,ON,NM,03.220.438/0001-73,EQTL3
EQUIFAX INC,EQUIFAX INC,,DRN,,E1FX34
EQUINIX INC,EQUINIX INC,,DRN,,EQIX34
EQUINOR ASA,EQUINOR ASA,,DRN,,E1QN34
EQUITY RESID,EQUITY RESIDENTIAL,,DRN,,E1QR34
ERICSSON LM,ERICSSON LM TELEPHONE CO,,DRN,,E1RI34
ESSEX PROPER,ESSEX PROPERTY TRUST INC,,DRN,,E1SS34
ESTAPAR,ALLPARK EMPREENDIMENTOS PARTICIPACOES SERVICOS S.A,ON,NM,60.537.263/0001-66,ALPK3
ESTEE LAUDER,ESTEE LAUDER COMPANIES INC,,DRN,,ELCI34
ESTRELA,MANUFATURA DE BRINQUEDOS ESTRELA S.A.,PN,,61.082.004/0001-50,ESTR4
ESTRELA,MANUFATURA DE BRINQUEDOS ESTRELA S.A.,ON,,61.082.004/0001-50,ESTR3
ETERNIT,ETERNIT S.A.,ON,NM,61.092.037/0001-81,ETER3
EUCATEX,EUCATEX S.A. INDUSTRIA E COMERCIO,PN,N1,56.643.018/0001-66,EUCA4
EUCATEX,EUCATEX S.A. INDUSTRIA E COMERCIO,ON,N1,56.643.018/0001-66,EUCA3
EVEN,EVEN CONSTRUTORA E INCORPORADORA S.A.,ON,NM,43.470.988/0001-65,EVEN3
EVEREST RE G,EVEREST RE GROUP LTD,,DRN,,E1VE34
EVERGY INC,EVERGY INC,,DRN,,E1VR34
EVERSOURCE E,EVERSOURCE ENERGY,,DRN,,E1SE34
EXCELSIOR,EXCELSIOR ALIMENTOS S.A.,PN,,95.426.862/0001-97,BAUH4
EXCELSIOR,EXCELSIOR ALIMENTOS S.A.,ON,,95.426.862/0001-97,BAUH3
EXELON CORP,EXELON CORP,,DRN,,E1XC34
EXPEDIA GROU,EXPEDIA GROUP INC,,DRN,,EXGR34
EXPEDITORS I,EXPEDITORS INTERNATIONAL OF WASHINGTON INC,,DRN,,E1XP34
EXTRA SPACE,EXTRA SPACE STORAGE INC,,DRN,,E1XR34
EXXON MOBIL,EXXON MOBIL CORPORATION,,DRN,,EXXO34
EZTEC,EZ TEC EMPREEND. E PARTICIPACOES S.A.,ON,NM,08.312.229/0001-73,EZTC3
F5 NETWORKS,F5 NETWORKS INC,,DRN,,F1FI34
FACEBOOK,FACEBOOK. INC.,,DRN,,FBOK34
FASTENAL,FASTENAL CO,,DRN,,FASL34
FASTLY INC,FASTLY INC,,DRN,,F1SL34
FEDERAL REAL,FEDERAL REALTY INVESTMENT TRUST,,DRN,,F1RI34
FEDEX CORP,FEDEX CORPORATION,,DRN,,FDXB34
FEMSA,FOMENTO ECONOMICO MEXICANO SAB DE CV - FEMSA,,DRN,,FMXB34
FER C ATLANT,FERROVIA CENTRO-ATLANTICA S.A.,PN,,00.924.429/0001-75,VSPT4
FER C ATLANT,FERROVIA CENTRO-ATLANTICA S.A.,ON,,00.924.429/0001-75,VSPT3
FER HERINGER,FERTILIZANTES HERINGER S.A.,ON,NM,22.266.175/0001-88,FHER3
FERBASA,CIA FERRO LIGAS DA BAHIA - FERBASA,PN,N1,15.141.799/0001-03,FESA4
FERBASA,CIA FERRO LIGAS DA BAHIA - FERBASA,ON,N1,15.141.799/0001-03,FESA3
FIDELITY NAT,FIDELITY NATIONAL INFORMATION SERVICES INC,,DRN,,F1NI34
FIFTH THIRD,FIFTH THIRD BANCORP,,DRN,,FFTD34
FINANSINOS,FINANSINOS S.A.- CREDITO FINANC E INVEST,ON,,91.669.747/0001-92,FNCN3
FIRST REPUBL,FIRST REPUBLIC BANK,,DRN,,F1RC34
FIRST SOLAR,FIRST SOLAR. INC,,DRN,,FSLR34
FIRSTENERGY,FIRSTENERGY CORP,,DRN,,F1EC34
FISERV INC,FISERV INC,,DRN,,F1IS34
FLAVOR FLAGR,INTERNATIONAL FLAVORS & FRAGRANCES INC,,DRN,,I1FF34
FLEETCOR TEC,FLEETCOR TECHNOLOGIES INC,,DRN,,FLTC34
FLEURY,FLEURY S.A.,ON,NM,60.840.055/0001-31,FLRY3
FLEX S/A,FLEX GESTÃO DE RELACIONAMENTOS S.A.,ON,MA,10.851.805/0001-00,FLEX3
FLIR SYSTEMS,FLIR SYSTEMS INC,,DRN,,F1LI34
FLOWSERVE CO,FLOWSERVE CORP,,DRN,,F1LS34
FMC CORP,FMC CORP,,DRN,,F1MC34
FORD MOTORS,FORD MOTORS COMPANY,,DRN,,FDMO34
FORTINET INC,Fortinet Inc,,DRN,,F1TN34
FORTIVE CORP,Fortive Corp,,DRN,,F1TV34
FORTUNE BRAN,Fortune Brands Home & Security Inc,,DRN,,F1BH34
FOX CORP,FOX CORPORATION,,DRN,,FOXC34
FRANKLIN RES,FRANKLIN RESOURCES INC,,DRN,,F1RA34
FRAS-LE,FRAS-LE S.A.,ON,N1,88.610.126/0001-29,FRAS3
FREEPORT,FREEPORT-MCMORAN INC.,,DRN,,FCXO34
FRESENIUS,FRESENIUS MEDICAL CARE AG & CO KGAA,,DRN,,FMSC34
GAFISA,GAFISA S.A.,ON,NM,01.545.826/0001-07,GFSA3
GAIA AGRO,GAIA AGRO SECURITIZADORA S.A.,,,14.876.090/0001-93,GAFL-CRA02B0
GALAPAGOS NV,GALAPAGOS NV,,DRN,,G1LP34
GAMA PART,GAMA PARTICIPACOES S.A.,ON,MB,02.796.775/0001-40,OPGM3B
GAP,THE GAP. INC.,,DRN,,GPSI34
GARMIN LTD,GARMIN LTD,,DRN,,G1RM34
GARTNER INC,GARTNER INC,,DRN,,G1AR34
GDS HOLDINGS,GDS HOLDINGS LTD,,DRN,,G1DS34
GE,GENERAL ELECTRIC COMPANY,,DRN,,GEOO34
GEN DYNAMICS,GENERAL DYNAMICS CORP.,,DRN,,GDBR34
GENERAL MILL,General Mills Inc,,DRN,,G1MI34
GENERAL MOT,GENERAL MOTORS COMPANY,,DRN,,GMCO34
GENERALSHOPP,GENERAL SHOPPING E OUTLETS DO BRASIL S.A.,ON,NM,08.764.621/0001-53,GSHP3
GENUINE PART,GENUINE PARTS CO,,DRN,,G1PC34
GEOPARK LTD,GEOPARK LTD,,DRN,,GPRK34
GER PARANAP,RIO PARANAPANEMA ENERGIA S.A.,PN,,02.998.301/0001-81,GEPA4
GER PARANAP,RIO PARANAPANEMA ENERGIA S.A.,ON,,02.998.301/0001-81,GEPA3
GERDAU,GERDAU S.A.,PN,N1,33.611.500/0001-19,GGBR4
GERDAU,GERDAU S.A.,ON,N1,33.611.500/0001-19,GGBR3
GERDAU MET,METALURGICA GERDAU S.A.,PN,N1,92.690.783/0001-09,GOAU4
GERDAU MET,METALURGICA GERDAU S.A.,ON,N1,92.690.783/0001-09,GOAU3
GILEAD,GILEAD SCIENCES. INC.,,DRN,,GILD34
GLAXOSMITHKL,GLAXOSMITHKLINE PLC,,DRN,,G1SK34
GLOBAL INFRA,ISHARES GLOBAL INFRASTRUCTURE ETF,ETF,DRN,,BIGF39
GLOBAL PAYME,Global Payments Inc,,DRN,,G1PI34
GLOBAL TECH,ISHARES GLOBAL TECH ETF,ETF,DRN,,BIXN39
GLOBALHEALTH,ISHARES GLOBAL HEALTHCARE ETF,ETF,DRN,,BIXJ39
GLOBE LIFE I,GLOBE LIFE INC,,DRN,,G1LL34
GOL,GOL LINHAS AEREAS INTELIGENTES S.A.,UNT,N2,06.164.253/0001-87,GOLL11
GOL,GOL LINHAS AEREAS INTELIGENTES S.A.,PN,N2,06.164.253/0001-87,GOLL4
GOL,GOL LINHAS AEREAS INTELIGENTES S.A.,,N2,06.164.253/0001-87,GOLL12
GOLD FIELDS,GOLD FIELDS LTD,,DRN,,G1FI34
GOLD TRUST,ISHARES GOLD TRUST,ETF,DRN,,BIAU39
GOLDMANSACHS,GOLDMAN SACHS GROUP INC.,,DRN,,GSGI34
GOPRO,GOPRO. INC.,,DRN,,GPRO34
GP INVEST,GP INVESTMENTS. LTD.,,DR3,07.857.850/0001-50,GPIV33
GPC PART,GPC PARTICIPACOES S.A.,PN,,02.193.750/0001-52,GPCP4
GPC PART,GPC PARTICIPACOES S.A.,ON,,02.193.750/0001-52,GPCP3
GRAZZIOTIN,GRAZZIOTIN S.A.,PN,,92.012.467/0001-70,CGRA4
GRAZZIOTIN,GRAZZIOTIN S.A.,ON,,92.012.467/0001-70,CGRA3
GRENDENE,GRENDENE S.A.,ON,NM,89.850.341/0001-60,GRND3
GRUPO MATEUS,GRUPO MATEUS S.A.,ON,NM,24.990.777/0001-09,GMAT3
GRUPO NATURA,NATURA &CO HOLDING S.A.,ON,NM,32.785.497/0001-97,NTCO3
GRUPO SOMA,GRUPO DE MODA SOMA S.A.,ON,NM,10.285.590/0001-08,SOMA3
GUARARAPES,GUARARAPES CONFECCOES S.A.,ON,,08.402.943/0001-52,GUAR3
HABITASUL,CIA HABITASUL DE PARTICIPACOES,PNB,,87.762.563/0001-03,HBTS6
HABITASUL,CIA HABITASUL DE PARTICIPACOES,PNA,,87.762.563/0001-03,HBTS5
HABITASUL,CIA HABITASUL DE PARTICIPACOES,ON,,87.762.563/0001-03,HBTS3
HAGA S/A,HAGA S.A. INDUSTRIA E COMERCIO,PN,,30.540.991/0001-66,HAGA4
HAGA S/A,HAGA S.A. INDUSTRIA E COMERCIO,ON,,30.540.991/0001-66,HAGA3
HALLIBURTON,HALLIBURTON COMPANY,,DRN,,HALI34
HANESBRANDS,Hanesbrands Inc,,DRN,,H1BI34
HANOVER INSU,HANOVER INSURANCE GROUP INC,,DRN,,THGI34
HAPVIDA,HAPVIDA PARTICIPACOES E INVESTIMENTOS SA,ON,NM,05.197.443/0001-38,HAPV3
HARLEY-DAVID,HARLEY-DAVIDSON INC,,DRN,,H1OG34
HARTFORD FIN,HARTFORD FINANCIAL SERVICES GROUP INC,,DRN,,H1IG34
HASBRO INC,Hasbro Inc,,DRN,,H1AS34
HCA HEALTHCA,HCA HEALTHCARE INC,,DRN,,H1CA34
HDFC BANK LT,HDFC BANK LTD,,DRN,,H1DB34
HEALTHPEAK P,Healthpeak Properties Inc,,DRN,,P1EA34
HEICO CORP,HEICO CORPORATION,,DRN,,H1EI34
HELBOR,HELBOR EMPREENDIMENTOS S.A.,ON,NM,49.263.189/0001-02,HBOR3
HENRY SCHEIN,HENRY SCHEIN INC,,DRN,,H1SI34
HER BLOCK IN,H&R BLOCK INC,,DRN,,H1RB34
HERCULES,HERCULES S.A. FABRICA DE TALHERES,PN,,92.749.225/0001-63,HETA4
HERCULES,HERCULES S.A. FABRICA DE TALHERES,ON,,92.749.225/0001-63,HETA3
HERSHEY CO,THE HERSHEY COMPANY,,DRN,,HSHY34
HESS CORP,Hess Corp,,DRN,,H1ES34
HEWLETT PACK,HEWLETT PACKARD ENTERPRISE CO,,DRN,,H1PE34
HIDROVIAS,HIDROVIAS DO BRASIL S.A.,ON,NM,12.648.327/0001-53,HBSA3
HILTON WORLD,HILTON WORLDWIDE HOLDINGS INC,,DRN,,H1LT34
HOLLYFRONTIE,HollyFrontier Corp,,DRN,,H1FC34
HOLOGIC INC,HOLOGIC INC,,DRN,,H1OL34
HOME DEPOT,THE HOME DEPOT. INC.,,DRN,,HOME34
HONDA MO,HONDA MOTOR CO LTD,,DRN,,HOND34
HONEYWELL,HONEYWELL INTERNATIONAL INC.,,DRN,,HONB34
HORIZON THER,HORIZON THERAPEUTICS PLC,,DRN,,H1ZN34
HORMEL FOODS,HORMEL FOODS CORP,,DRN,,H1RL34
HOST HOTELS,HOST HOTELS & RESORTS INC,,DRN,,H1ST34
HOTEIS OTHON,HOTEIS OTHON S.A.,PN,,33.200.049/0001-47,HOOT4
HOTEIS OTHON,HOTEIS OTHON S.A.,ON,,33.200.049/0001-47,HOOT3
HOWMET AERO,HOWMET AEROSPACE INC.,,DRN,,ARNC34
HP COMPANY,HEWLETT-PACKARD COMPANY,,DRN,,HPQB34
HSBC HOLDING,HSBC HOLDINGS PLC,,DRN,,H1SB34
HUAZHU GROUP,HUAZHU GROUP LTD,,DRN,,H1TH34
HUMANA INC,HUMANA INC,,DRN,,H1UM34
HUNTINGTON B,HUNTINGTON BANCSHARES INC,,DRN,,H1BA34
HUNTINGTON I,HUNTINGTON INGALLS INDUSTRIES INC,,DRN,,H1II34
HYPERA,HYPERA S.A.,ON,NM,02.932.074/0001-91,HYPE3
IAC INTERACT,IAC INTERACTIVECORPORATION,,DRN,,I1AC34
IBM,INTERNATIONAL BUSINESS MACHINES CORPORATION,,DRN,,IBMB34
ICICI BANK L,ICICI BANK LTD,,DRN,,I1BN34
IDEX CORP,IDEX CORPORATION,,DRN,,I1EX34
IDEXX LABORA,IDEXX LABORATORIES INC,,DRN,,I1DX34
IGB S/A,IGB ELETRÔNICA S/A,ON DIR,,43.185.362/0001-07,IGBR1
IGB S/A,IGB ELETRÔNICA S/A,ON,,43.185.362/0001-07,IGBR3
IGUA SA,IGUA SANEAMENTO S.A.,ON,MA,08.159.965/0001-33,IGSN3
IGUATEMI,IGUATEMI EMPRESA DE SHOPPING CENTERS S.A,ON,NM,51.218.147/0001-93,IGTA3
IHPARDINI,INSTITUTO HERMES PARDINI S.A.,ON,NM,19.378.769/0001-76,PARD3
IHS MARKIT L,IHS MARKIT LTD,,DRN,,I1NF34
ILLINOIS TOO,ILLINOIS TOOL WORKS INC,,DRN,,I1TW34
ILLUMINA INC,ILLUMINA INC,,DRN,,I1LM34
IMC S/A,INTERNATIONAL MEAL COMPANY ALIMENTACAO S.A.,ON,NM,17.314.329/0001-20,MEAL3
INC ESG AWAR,ISHARES ESG AWARE MSCI EM ETF,ETF,DRN,,BEGE39
INCYTE CORP,INCYTE CORP,,DRN,,I1NC34
IND CATAGUAS,CIA INDUSTRIAL CATAGUASES,PN,,19.526.748/0001-50,CATA4
IND CATAGUAS,CIA INDUSTRIAL CATAGUASES,ON,,19.526.748/0001-50,CATA3
INDS ROMI,INDUSTRIAS ROMI S.A.,ON,NM,56.720.428/0001-63,ROMI3
INEPAR,INEPAR S.A. INDUSTRIA E CONSTRUCOES,PN,,76.627.504/0001-06,INEP4
INEPAR,INEPAR S.A. INDUSTRIA E CONSTRUCOES,ON,,76.627.504/0001-06,INEP3
INFOSYS LTD,INFOSYS LTD,,DRN,,I1FO34
ING GROEP,ING GROEP NV,,DRN,,INGG34
INT EXCHANGE,INTERCONTINENTAL HOTELS GROUP PLC,,DRN,,I1HG34
INTEL,INTEL CORPORATION,,DRN,,ITLC34
INTER SA,INTER CONSTRUTORA E INCORPORADORA S.A.,ON,MA,09.611.768/0001-76,INNT3
INTERCONTINE,INTERCONTINENTAL EXCHANGE INC,,DRN,,I1CE34
INTERMEDICA,NOTRE DAME INTERMEDICA PARTICIPACOES SA,ON,NM,19.853.511/0001-84,GNDI3
INTERNATIONA,INTERNATIONAL PAPER CO,,DRN,,I1PC34
INTERPUBLIC,INTERPUBLIC GROUP OF COS INC,,DRN,,I1PH34
INTUIT INC,INTUIT INC,,DRN,,INTU34
INTUITIVE SU,INTUITIVE SURGICAL INC,,DRN,,I1SR34
INVEPAR,INVESTIMENTOS E PARTICIP. EM INFRA S.A. - INVEPAR,PN,MB,03.758.318/0001-24,IVPR4B
INVEPAR,INVESTIMENTOS E PARTICIP. EM INFRA S.A. - INVEPAR,ON,MB,03.758.318/0001-24,IVPR3B
INVESCO LTD,INVESCO LTD,,DRN,,I1VZ34
INVEST BCORP,INVESTORS BANCORP INC,,DRN,,ISBC34
INVEST BEMGE,INVESTIMENTOS BEMGE S.A.,PN,,01.548.981/0001-79,FIGE4
INVEST BEMGE,INVESTIMENTOS BEMGE S.A.,ON,,01.548.981/0001-79,FIGE3
IOCHP-MAXION,IOCHPE MAXION S.A.,ON,NM,61.156.113/0001-75,MYPK3
IPG PHOTONIC,IPG PHOTONICS CORP,,DRN,,I1PG34
IQIYI INC,IQIYI INC,,DRN,,I1QY34
IQVIA HOLDIN,IQVIA HOLDINGS INC,,DRN,,I1QV34
IRANI,IRANI PAPEL E EMBALAGEM S.A.,ON,NM,92.791.243/0001-03,RANI3
IRBBRASIL RE,IRB - BRASIL RESSEGUROS S.A.,ON,NM,33.376.989/0001-91,IRBR3
IRON MOUNTAI,IRON MOUNTAIN INC,,DRN,,I1RM34
ITAUSA,ITAUSA S.A.,PN,N1,61.532.644/0001-15,ITSA4
ITAUSA,ITAUSA S.A.,ON,N1,61.532.644/0001-15,ITSA3
ITAUUNIBANCO,ITAU UNIBANCO HOLDING S.A.,PN,N1,60.872.504/0001-23,ITUB4
ITAUUNIBANCO,ITAU UNIBANCO HOLDING S.A.,ON,N1,60.872.504/0001-23,ITUB3
J B DUARTE,INDUSTRIAS J B DUARTE S.A.,PN,,60.637.238/0001-54,JBDU4
J B DUARTE,INDUSTRIAS J B DUARTE S.A.,ON,,60.637.238/0001-54,JBDU3
JACK HENRY,JACK HENRY & ASSOCIATES INC,,DRN,,J1KH34
JACOBS ENGIN,JACOBS ENGINEERING GROUP INC,,DRN,,J1EG34
JB HUNT TRAN,JB HUNT TRANSPORT SERVICES INC,,DRN,,J1BH34
JBS,JBS S.A.,ON,NM,02.916.265/0001-60,JBSS3
JD COM,JD.COM INC,,DRN,,JDCO34
JEFFERIES FI,JEFFERIES FINANCIAL GROUP INC,,DRN,,J1EF34
JEREISSATI,JEREISSATI PARTICIPACOES S.A.,ON,,60.543.816/0001-93,JPSA3
JHSF PART,JHSF PARTICIPACOES S.A.,ON,NM,08.294.224/0001-65,JHSF3
JOAO FORTES,JOAO FORTES ENGENHARIA S.A.,ON,,33.035.536/0001-00,JFEN3
JOHNSON,JOHNSON & JOHNSON,,DRN,,JNJB34
JOHNSON CONT,JOHNSON CONTROLS INTERNATIONAL PLC,,DRN,,J1CI34
JOSAPAR,JOSAPAR-JOAQUIM OLIVEIRA S.A. - PARTICIP,PN,,87.456.562/0001-22,JOPA4
JOSAPAR,JOSAPAR-JOAQUIM OLIVEIRA S.A. - PARTICIP,ON,,87.456.562/0001-22,JOPA3
JPMORGAN,JPMORGAN CHASE & CO.,,DRN,,JPMC34
JSL,JSL S.A.,ON,NM,52.548.435/0001-79,JSLG3
JUNIPER NETW,JUNIPER NETWORKS INC,,DRN,,J1NP34
KANSAS CITY,KANSAS CITY SOUTHERN,,DRN,,K1CS34
KARSTEN,KARSTEN S.A.,PN,,82.640.558/0001-04,CTKA4
KARSTEN,KARSTEN S.A.,ON,,82.640.558/0001-04,CTKA3
KB FINANCIAL,KB FINANCIAL GROUP INC,,DRN,,K1BF34
KELLOGG CO,KELLOGG CO,,DRN,,K1EL34
KEMPER CORP,KEMPER CORP,,DRN,,KMPR34
KEPLER WEBER,KEPLER WEBER S.A.,UNT,,91.983.056/0001-69,KEPL11
KEPLER WEBER,KEPLER WEBER S.A.,ON,,91.983.056/0001-69,KEPL3
KEYCORP,KEYCORP,,DRN,,K1EY34
KEYSIGHT TEC,KEYSIGHT TECHNOLOGIES INC,,DRN,,K1SG34
KIMBERLY CL,KIMBERLY-CLARK CORP,,DRN,,KMBB34
KIMCO REALTY,KIMCO REALTY CORP,,DRN,,K1IM34
KINDER MORGA,KINDER MORGAN INC,,DRN,,KMIC34
KLA CORP,KLA CORP,,DRN,,K1LA34
KLABIN S/A,KLABIN S.A.,UNT,N2,89.637.490/0001-45,KLBN11
KLABIN S/A,KLABIN S.A.,PN,N2,89.637.490/0001-45,KLBN4
KLABIN S/A,KLABIN S.A.,ON,N2,89.637.490/0001-45,KLBN3
KOHLS CORP,KOHLS CORP,,DRN,,K1SS34
KOPHILIPS,KONINKLIJKE PHILIPS NV,,DRN,,PHGN34
KRAFT HEINZ,THE KRAFT HEINZ COMPANY,,DRN,,KHCB34
KROGER CO,KROGER CO,,DRN,,K1RC34
KT CORP,KT CORP,,DRN,,K1TC34
L BRANDS,L BRANDS. INC.,,DRN,,LBRN34
L3HARRIS TEC,L3HARRIS TECHNOLOGIES INC,,DRN,,L1HX34
LABORATORY C,LABORATORY CORP OF AMERICA HOLDINGS,,DRN,,L1CA34
LAM RESEARCH,LAM RESEARCH CORP,,DRN,,L1RC34
LAMB WESTON,LAMB WESTON HOLDINGS INC,,DRN,,L1WH34
LAS VEGAS SA,LAS VEGAS SANDS CORPORATION,,DRN,,L1VS34
LATIN AMER40,ISHARES LATIN AMERICA 40 ETF,ETF,DRN,,BILF39
LAVVI,LAVVI EMPREENDIMENTOS IMOBILIÁRIOS S.A.,ON,NM,26.462.693/0001-28,LAVV3
LE LIS BLANC,RESTOQUE COMÉRCIO E CONFECÇÕES DE ROUPAS S.A.,ON,NM,49.669.856/0001-43,LLIS3
LEGGETT PL,LEGGETT PLATT INC,,DRN,,L1EG34
LEIDOS HOLDI,LEIDOS HOLDINGS INC,,DRN,,L1DO34
LENNAR CORP,LENNAR CORP,,DRN,,L1EN34
LIBERTY BROA,LIBERTY BROADBAND CORP,,DRN,,LBRD34
LIBERTY GLOB,LIBERTY GLOBAL PLC,,DRN,,L1BT34
LIBERTY GLOB,LIBERTY GLOBAL PLC,,DRN,,L1BT35
LIBERTY MEDI,LIBERTY MEDIA CORP,,DRN,,LSXM34
LIBERTY MEDI,LIBERTY MEDIA CORP,,DRN,,LSXM35
LIFEMED,LIFEMED INDUSTRIAL EQUIP. DE ART. MÉD. HOSP. S.A.,ON,MA,02.357.251/0001-53,LMED3
LIGHT S/A,LIGHT S.A.,ON,NM,03.378.521/0001-75,LIGT3
LILLY,ELI LILLY AND COMPANY,,DRN,,LILY34
LINCOLN NATI,LINCOLN NATIONAL CORP,,DRN,,L1NC34
LINDE PLC,LINDE PLC,,DRN,,L1IN34
LINX,LINX S.A.,ON,NM,06.948.969/0001-75,LINX3
LITEL,LITEL PARTICIPACOES S.A.,ON,MB,00.743.065/0001-27,LTEL3B
LITELA,LITELA PARTICIPAÇÕES S.A.,ON,MB,05.495.546/0001-84,LTLA3B
LIVE NATION,LIVE NATION ENTERTAINMENT INC,,DRN,,L1YV34
LKQ CORP,LKQ CORP,,DRN,,L1KQ34
LLOYDS BANKI,LLOYDS BANKING GROUP PLC,,DRN,,L1YG34
LOCALIZA,LOCALIZA RENT A CAR S.A.,ON,NM,16.670.085/0001-55,RENT3
LOCAMERICA,CIA LOCAÇÃO DAS AMÉRICAS,ON,NM,10.215.988/0001-60,LCAM3
LOCAWEB,LOCAWEB SERVIÇOS DE INTERNET S.A.,ON,NM,02.351.877/0001-52,LWSA3
LOCKHEED,LOCKHEED MARTIN CORPORATION,,DRN,,LMTB34
LOEWS CORP,LOEWS CORP,,DRN,,L1OE34
LOG COM PROP,LOG COMMERCIAL PROPERTIES,ON,NM,09.041.168/0001-10,LOGG3
LOG-IN,LOG-IN LOGISTICA INTERMODAL S.A.,ON,NM,42.278.291/0001-24,LOGN3
LOJAS AMERIC,LOJAS AMERICANAS S.A.,PN DIR,N1,33.014.556/0001-96,LAME2
LOJAS AMERIC,LOJAS AMERICANAS S.A.,PN,N1,33.014.556/0001-96,LAME4
LOJAS AMERIC,LOJAS AMERICANAS S.A.,ON DIR,N1,33.014.556/0001-96,LAME1
LOJAS AMERIC,LOJAS AMERICANAS S.A.,ON,N1,33.014.556/0001-96,LAME3
LOJAS MARISA,MARISA LOJAS S.A.,ON,NM,61.189.288/0001-89,AMAR3
LOJAS RENNER,LOJAS RENNER S.A.,ON,NM,92.754.738/0001-62,LREN3
LOPES BRASIL,LPS BRASIL - CONSULTORIA DE IMOVEIS S.A.,ON,NM,08.078.847/0001-09,LPSB3
LOWES COMPA,LOWES COMPANIES INC,,DRN,,LOWC34
LULULEMON AT,LULULEMON ATHLETICA INC,,DRN,,L1UL34
LUMEN TECH,LUMEN TECHNOLOGIES. INC,,DRN,,L1MN34
LUPATECH,LUPATECH S.A.,UNT,NM,89.463.822/0001-12,LUPA11
LUPATECH,LUPATECH S.A.,ON,NM,89.463.822/0001-12,LUPA3
LYONDELLBASE,LyondellBasell Industries NV,,DRN,,L1YB34
M.DIASBRANCO,M.DIAS BRANCO S.A. IND COM DE ALIMENTOS,ON,NM,07.206.816/0001-15,MDIA3
MACY S,MACYS INC.,,DRN,,MACY34
MAESTROLOC,MAESTRO LOCADORA DE VEICULOS S.A.,ON,MA,08.795.211/0001-70,MSRO3
MAGAZ LUIZA,MAGAZINE LUIZA S.A.,ON,NM,47.960.950/0001-21,MGLU3
MANGELS INDL,MANGELS INDUSTRIAL S.A.,PN,,61.065.298/0001-02,MGEL4
MANGELS INDL,MANGELS INDUSTRIAL S.A.,ON,,61.065.298/0001-02,MGEL3
MARATHON OIL,MARATHON OIL CORP,,DRN,,M1RO34
MARATHON PET,MARATHON PETROLEUM CORP,,DRN,,M1PC34
MARCOPOLO,MARCOPOLO S.A.,PN,N2,88.611.835/0001-29,POMO4
MARCOPOLO,MARCOPOLO S.A.,ON,N2,88.611.835/0001-29,POMO3
MARFRIG,MARFRIG GLOBAL FOODS S.A.,ON,NM,03.853.896/0001-40,MRFG3
MARKEL CORP,MARKEL CORP,,DRN,,MKLC34
MARKETAXESS,MARKETAXESS HOLDINGS INC,,DRN,,M1KT34
MARRIOTT INT,MARRIOTT INTERNATIONAL INC,,DRN,,M1TT34
MARSH E MCLE,Marsh & McLennan Cos Inc,,DRN,,M1MC34
MARTIN MARIE,MARTIN MARIETTA MATERIALS INC,,DRN,,M1LM34
MASCO CORP,MASCO CORP,,DRN,,M1AS34
MASTERCARD,MASTERCARD INCORPORATED,,DRN,,MSCD34
MATCH GROUP,MATCH GROUP INC,,DRN,,M1TC34
MAXIM INTEGR,MAXIM INTEGRATED PRODUCTS INC,,DRN,,M1XI34
MCCORMICK,MCCORMICK & CO INC,,DRN,,M1KC34
MCDONALDS,MCDONALDS CORP.,,DRN,,MCDC34
MCKESSON COR,MCKESSON CORP,,DRN,,M1CK34
MEDTRONIC,MEDTRONIC PUBLIC LIMITED COMPANY,,DRN,,MDTC34
MELCO RESORT,MELCO RESORTS & ENTERTAINMENT LTD,,DRN,,M1LC34
MELHOR SP,CIA MELHORAMENTOS DE SAO PAULO,PN,,60.730.348/0001-66,MSPA4
MELHOR SP,CIA MELHORAMENTOS DE SAO PAULO,ON,,60.730.348/0001-66,MSPA3
MELIUZ,MÉLIUZ S.A.,ON,NM,14.110.585/0001-07,CASH3
MELNICK,MELNICK DESENVOLVIMENTO IMOBILIÁRIO S.A.,ON,NM,12.181.987/0001-77,MELK3
MENEZES CORT,TERMINAL GARAGEM MENEZES CORTES S.A.,ON,MB,02.664.042/0001-52,MNZC3B
MERC BRASIL,BCO MERCANTIL DO BRASIL S.A.,PN,N1,17.184.037/0001-10,BMEB4
MERC BRASIL,BCO MERCANTIL DO BRASIL S.A.,ON,N1,17.184.037/0001-10,BMEB3
MERC FINANC,MERCANTIL BRASIL FINANC S.A. C.F.I.,PN,,33.040.601/0001-87,MERC4
MERC FINANC,MERCANTIL BRASIL FINANC S.A. C.F.I.,ON,,33.040.601/0001-87,MERC3
MERC INVEST,BCO MERCANTIL DE INVESTIMENTOS S.A.,PN,,34.169.557/0001-72,BMIN4
MERC INVEST,BCO MERCANTIL DE INVESTIMENTOS S.A.,ON,,34.169.557/0001-72,BMIN3
MERCADOLIBRE,MERCADOLIBRE INC,,DRN,,MELI34
MERCK,MERCK & CO.. INC.,,DRN,,MRCK34
METAL IGUACU,METALGRAFICA IGUACU S.A.,PN,,80.227.184/0001-66,MTIG4
METAL IGUACU,METALGRAFICA IGUACU S.A.,ON,,80.227.184/0001-66,MTIG3
METAL LEVE,MAHLE-METAL LEVE S.A.,ON,NM,60.476.884/0001-87,LEVE3
METALFRIO,METALFRIO SOLUTIONS S.A.,ON,NM,04.821.041/0001-08,FRIO3
METISA,METISA METALURGICA TIMBOENSE S.A.,PN,,86.375.425/0001-09,MTSA4
METISA,METISA METALURGICA TIMBOENSE S.A.,ON,,86.375.425/0001-09,MTSA3
METLIFE INC,METLIFE INC,,DRN,,METB34
METTLER-TOLE,METTLER-TOLEDO INTERNATIONAL INC,,DRN,,M1TD34
MGM RESORTS,MGM RESORTS INTERNATIONAL,,DRN,,M1GM34
MICROCHIP TE,MICROCHIP TECHNOLOGY INC,,DRN,,M1CH34
MICRON TECHN,MICRON TECHNOLOGY INC,,DRN,,MUTC34
MICROSOFT,MICROSOFT CORPORATION,,DRN,,MSFT34
MID-AMERICA,MID-AMERICA APARTMENT COMMUNITIES INC,,DRN,,M1AA34
MILLS,MILLS ESTRUTURAS E SERVIÇOS DE ENGENHARIA S.A.,ON,NM,27.093.558/0001-15,MILS3
MINASMAQUINA,MINASMAQUINAS S.A.,PN,,17.161.241/0001-15,MMAQ4
MINASMAQUINA,MINASMAQUINAS S.A.,ON,,17.161.241/0001-15,MMAQ3
MINERVA,MINERVA S.A.,UNT,NM,67.620.377/0001-14,BEEF11
MINERVA,MINERVA S.A.,ON,NM,67.620.377/0001-14,BEEF3
MINUPAR,MINUPAR PARTICIPACOES S.A.,ON,,90.076.886/0001-40,MNPR3
MITRE REALTY,MITRE REALTY EMPREENDIMENTOS E PARTICIPAÇÕES S.A.,ON,NM,07.882.930/0001-65,MTRE3
MITSUBISHI U,MITSUBISHI UFJ FINANCIAL GROUP INC,,DRN,,M1UF34
MMX MINER,MMX MINERACAO E METALICOS S.A.,UNT,NM,02.762.115/0001-49,MMXM11
MMX MINER,MMX MINERACAO E METALICOS S.A.,ON,NM,02.762.115/0001-49,MMXM3
MOBILE TELES,MOBILE TELESYSTEMS PJSC,,DRN,,M1BT34
MODERNA INC,MODERNA INC,,DRN,,M1RN34
MOHAWK INDUS,MOHAWK INDUSTRIES INC,,DRN,,M1HK34
MOLSON COORS,MOLSON COORS BREWING CO,,DRN,,M1CB34
MONDELEZ INT,MONDELEZ INTERNATIONAL. INC,,DRN,,MDLZ34
MONGODB INC,MONGODB INC,,DRN,,M1DB34
MONSTER BEVE,Monster Beverage Corp,,DRN,,M1NS34
MONT ARANHA,MONTEIRO ARANHA S.A.,ON,,33.102.476/0001-92,MOAR3
MOODYS CORP,MOODYS CORP,,DRN,,MCOR34
MORGAN STAN,MORGAN STANLEY,,DRN,,MSBR34
MOSAIC CO,THE MOSAIC COMPANY,,DRN,,MOSC34
MOTOROLA SOL,MOTOROLA SOLUTIONS INC,,DRN,,M1SI34
MOURA DUBEUX,MOURA DUBEUX ENGENHARIA S/A,ON,NM,12.049.631/0001-84,MDNE3
MOVIDA,MOVIDA PARTICIPACOES SA,ON,NM,21.314.559/0001-66,MOVI3
MRS LOGIST,MRS LOGISTICA S.A.,PNB,MB,01.417.222/0001-77,MRSA6B
MRS LOGIST,MRS LOGISTICA S.A.,PNA,MB,01.417.222/0001-77,MRSA5B
MRS LOGIST,MRS LOGISTICA S.A.,ON,MB,01.417.222/0001-77,MRSA3B
MRV,MRV ENGENHARIA E PARTICIPACOES S.A.,ON,NM,08.343.492/0001-20,MRVE3
MSCI ACWI,ISHARES MSCI ACWI ETF,ETF,DRN,,BACW39
MSCI ASIA JP,ISHARES MSCI ALL COUNTRY ASIA EX JAPAN ETF,ETF,DRN,,BAAX39
MSCI BRAZIL,ISHARES MSCI BRAZIL ETF,ETF,DRN,,BEWZ39
MSCI CHINA,ISHARES MSCI CHINA ETF,ETF,DRN,,BCHI39
MSCI EAFE,ISHARES MSCI EAFE ETF,ETF,DRN,,BEFA39
MSCI EMGMARK,ISHARES MSCI EMERGING MARKETS ETF,ETF,DRN,,BEEM39
MSCI GERMANY,ISHARES MSCI GERMANY ETF,ETF,DRN,,BEWG39
MSCI INC,MSCI INC,,DRN,,M1SC34
MSCI INDIA,ISHARES MSCI INDIA ETF,ETF,DRN,,BNDA39
MSCI JAPAN,ISHARES MSCI JAPAN ETF,ETF,DRN,,BEWJ39
MSCI MEXICO,ISHARES MSCI MEXICO ETF,ETF,DRN,,BEWW39
MSCI SPAIN,ISHARES MSCI SPAIN ETF,ETF,DRN,,BEWP39
MSCI TAIWAN,ISHARES MSCI TAIWAN ETF,ETF,DRN,,BEWT39
MSCI UK,ISHARES MSCI UNITED KINGDOM ETF,ETF,DRN,,BEWU39
MSCI US MVOL,ISHARES MSCI USA MIN VOL FACTOR ETF,ETF,DRN,,BUSM39
MSCIEUROZONE,ISHARES MSCI EUROZONE ETF,ETF,DRN,,BEZU39
MSCIHONGKONG,ISHARES MSCI HONG KONG ETF,ETF,DRN,,BEWH39
MSCISOUTHKOR,ISHARES MSCI SOUTH KOREA ETF,ETF,DRN,,BEWY39
MT BANK COR,M&T BANK CORP,,DRN,,M1TB34
MULTIPLAN,MULTIPLAN - EMPREEND IMOBILIARIOS S.A.,ON,N2,07.816.890/0001-53,MULT3
MUNDIAL,MUNDIAL S.A. - PRODUTOS DE CONSUMO,ON,,88.610.191/0001-54,MNDL3
NASDAQ BIOTC,ISHARES NASDAQ BIOTECHNOLOGY ETF,ETF,DRN,,BIBB39
NASDAQ INC,NASDAQ INC,,DRN,,N1DA34
NATIONAL GRI,NATIONAL GRID PLC,,DRN,,N1GG34
NATWEST GROU,NATWEST GROUP PLC,,DRN,,N1WG34
NEOENERGIA,NEOENERGIA S.A.,ON,NM,01.083.200/0001-18,NEOE3
NEOGRID,NEOGRID PARTICIPACOES S.A.,ON,NM,10.139.870/0001-08,NGRD3
NETAPP INC,NETAPP INC,,DRN,,N1TA34
NETEASE,NETEASE INC,,DRN,,NETE34
NETFLIX,NETFLIX. INC.,,DRN,,NFLX34
NEUROCRINE B,NEUROCRINE BIOSCIENCES INC,,DRN,,N1BI34
NEW ORIENTAL,NEW ORIENTAL EDUCATION & TECHNOLOGY GROUP INC,,DRN,,E1DU34
NEWELL BRAND,NEWELL BRANDS INC,,DRN,,N1WL34
NEWMONT GOLD,NEWMONT CORP,,DRN,,N1EM34
NEWS CORP,NEWS CORP,,DRN,,N1WS34
NEWS CORP,NEWS CORP,,DRN,,N1WS35
NEXTERA ENER,NEXTERA ENERGY INC,,DRN,,NEXT34
NICE LTD,NICE LTD,,DRN,,N1IC34
NIELSEN HOLD,NIELSEN HOLDINGS PLC,,DRN,,N1LS34
NIKE,NIKE INC,,DRN,,NIKE34
NISOURCE INC,NISOURCE INC,,DRN,,N1IS34
NOKIA CORP,NOKIA CORPORATION,,DRN,,NOKI34
NOMURA HO,NOMURA HOLDINGS INC,,DRN,,NMRH34
NORD BRASIL,BCO NORDESTE DO BRASIL S.A.,ON,,07.237.373/0001-20,BNBR3
NORDON MET,NORDON INDUSTRIAS METALURGICAS S.A.,ON,,60.884.319/0001-59,NORD3
NORDSTROM IN,NORDSTROM INC,,DRN,,J1WN34
NORFOLK SOUT,Norfolk Southern Corp,,DRN,,N1SC34
NORTCQUIMICA,NORTEC QUÍMICA S.A.,ON,MA,29.950.060/0001-57,NRTQ3
NORTHERN TRU,NORTHERN TRUST CORP,,DRN,,N1TR34
NORTHROP GRU,NORTHROP GRUMMAN CORP,,DRN,,NOCG34
NORTONLIFE,NORTONLIFELOCK INC.,,DRN,,S1YM34
NORWEGIAN CR,NORWEGIAN CRUISE LINE HOLDINGS LTD,,DRN,,N1CL34
NOV INC,NOV Inc,,DRN,,N1OV34
NOVARTIS AG,NOVARTIS AG,,DRN,,N1VS34
NOVO NORDISK,NOVO NORDISK A/S,,DRN,,N1VO34
NRG ENERGY I,NRG ENERGY INC,,DRN,,N1RG34
NUCOR CORP,Nucor Corp,,DRN,,N1UE34
NUTRIPLANT,NUTRIPLANT INDUSTRIA E COMERCIO S.A.,ON,MA,51.128.999/0001-90,NUTR3
NVIDIA CORP,NVIDIA CORP,,DRN,,NVDC34
NVR INC,NVR INC,,DRN,,N1VR34
NXP SEMICOND,NXP SEMICONDUCTORS NV,,DRN,,N1XP34
OCCIDENT PTR,OCCIDENTAL PETROLEUM CORP,,DRN,,OXYP34
ODERICH,CONSERVAS ODERICH S.A.,PN,,97.191.902/0001-94,ODER4
ODERICH,CONSERVAS ODERICH S.A.,ON,,97.191.902/0001-94,ODER3
ODONTOPREV,ODONTOPREV S.A.,ON,NM,58.119.199/0001-51,ODPV3
OI,OI S.A.,PN,N1,76.535.764/0001-43,OIBR4
OI,OI S.A.,ON,N1,76.535.764/0001-43,OIBR3
OKTA INC,OKTA INC,,DRN,,O1KT34
OLD DOMINION,OLD DOMINION FREIGHT LINE INC,,DRN,,O1DF34
OMEGA GER,OMEGA GERAÇÃO S.A.,ON,NM,09.149.503/0001-06,OMGE3
OMNICOM GROU,OMNICOM GROUP INC,,DRN,,O1MC34
ONEOK INC,ONEOK Inc,,DRN,,O1KE34
OPPORT ENERG,OPPORTUNITY ENERGIA E PARTICIPACOES S.A.,ON,MB,02.318.346/0001-68,OPHE3B
ORACLE,ORACLE CORPORATION,,DRN,,ORCL34
OREILLY AUT,OREILLY AUTOMOTIVE INC,,DRN,,ORLY34
ORIX CORP,ORIX CORP,,DRN,,I1XC34
OSX BRASIL,OSX BRASIL S.A.,ON,NM,09.112.685/0001-32,OSXB3
OTIS WORLDWI,OTIS WORLDWIDE CORPORATION,,DRN,,O1TI34
OUROFINO S/A,OURO FINO SAUDE ANIMAL PARTICIPACOES S.A.,ON,NM,20.258.278/0001-70,OFSA3
P.ACUCAR-CBD,CIA BRASILEIRA DE DISTRIBUICAO,ON,NM,47.508.411/0001-56,PCAR3
PACCAR INC,PACCAR INC,,DRN,,P1AC34
PACKAGING CO,PACKAGING CORP OF AMERICA,,DRN,,P1KG34
PADTEC,PADTEC HOLDING S.A.,ON,,02.365.069/0001-44,PDTC3
PAGUE MENOS,EMPREENDIMENTOS PAGUE MENOS S.A.,ON,NM,06.626.253/0001-51,PGMN3
PANATLANTICA,PANATLANTICA S.A.,PN,,92.693.019/0001-89,PATI4
PANATLANTICA,PANATLANTICA S.A.,ON,,92.693.019/0001-89,PATI3
PAR AL BAHIA,CIA PARTICIPACOES ALIANCA DA BAHIA,PN,,01.938.783/0001-11,PEAB4
PAR AL BAHIA,CIA PARTICIPACOES ALIANCA DA BAHIA,ON,,01.938.783/0001-11,PEAB3
PARANAPANEMA,PARANAPANEMA S.A.,ON,NM,60.398.369/0004-79,PMAM3
PARKER-HANNI,PARKER-HANNIFIN CORP,,DRN,,P1HC34
PAYCHEX INC,Paychex Inc,,DRN,,P1AY34
PAYCOM SOFTW,PAYCOM SOFTWARE INC,,DRN,,P1YC34
PAYPAL HOLD,PAYPAL HOLDINGS INC,,DRN,,PYPL34
PDG REALT,PDG REALTY S.A. EMPREEND E PARTICIPACOES,ON,NM,02.950.811/0001-89,PDGR3
PDG SECURIT,PDG COMPANHIA SECURITIZADORA,,,09.538.973/0001-53,PDGS-CRI15B0
PENTAIR PLC,PENTAIR PLC,,DRN,,P1NR34
PEOPLES UNIT,Peoples United Financial Inc,,DRN,,P1BC34
PEPSICO INC,PEPSICO. INC.,,DRN,,PEPB34
PERKINELMER,PERKINELMER INC,,DRN,,P1KI34
PERRIGO CO P,Perrigo Co PLC,,DRN,,P1RG34
PET MANGUINH,REFINARIA DE PETROLEOS MANGUINHOS S.A.,ON,,33.412.081/0001-96,RPMG3
PETROBRAS,PETROLEO BRASILEIRO S.A. PETROBRAS,PN,N2,33.000.167/0001-01,PETR4
PETROBRAS,PETROLEO BRASILEIRO S.A. PETROBRAS,ON,N2,33.000.167/0001-01,PETR3
PETROBRAS BR,PETROBRAS DISTRIBUIDORA S/A,ON,NM,34.274.233/0001-02,BRDT3
PETROCHIN,PETROCHINA CO LTD,,DRN,,PTCH34
PETRORIO,PETRO RIO S.A.,ON,NM,10.629.105/0001-68,PRIO3
PETTENATI,PETTENATI S.A. INDUSTRIA TEXTIL,PN,,88.613.658/0001-10,PTNT4
PETTENATI,PETTENATI S.A. INDUSTRIA TEXTIL,ON,,88.613.658/0001-10,PTNT3
PETZ,PET CENTER COMERCIO E PARTICIPACOES S.A.,ON,NM,18.328.118/0001-09,PETZ3
PFIZER,PFIZER INC.,,DRN,,PFIZ34
PG,PROCTER & GAMBLE COMPANY,,DRN,,PGCO34
PHILIP MORRI,PHILIP MORRIS INTERNATIONAL INC,,DRN,,PHMO34
PHILLIPS 66,PHILLIPS 66,,DRN,,P1SX34
PINDUODUO IN,PINDUODUO INC,,DRN,,P1DD34
PINE,BCO PINE S.A.,PN,N2,62.144.175/0001-20,PINE4
PINE,BCO PINE S.A.,ON,N2,62.144.175/0001-20,PINE3
PINNACLE WES,PINNACLE WEST CAPITAL CORP,,DRN,,P1NW34
PIONEER NATU,PIONEER NATURAL RESOURCES CO,,DRN,,P1IO34
PLANOEPLANO,PLANO & PLANO DESENVOLVIMENTO IMOBILIÁRIO S.A.,ON,NM,24.230.275/0001-80,PLPL3
PLASCAR PART,PLASCAR PARTICIPACOES INDUSTRIAIS S.A.,UNT,,51.928.174/0001-50,PLAS11
PLASCAR PART,PLASCAR PARTICIPACOES INDUSTRIAIS S.A.,ON,,51.928.174/0001-50,PLAS3
PNCFNANCIAL,PNC FINANCIAL SERVICES GROUP INC,,DRN,,PNCS34
POLO CAP SEC,POLO CAPITAL SECURITIZADORA S.A,,,12.261.588/0001-16,PLSC-CRI1CB0
POLPAR,POLPAR S.A.,ON,,59.789.545/0001-71,PPAR3
POMIFRUTAS,POMIFRUTAS S/A,ON,NM,86.550.951/0001-50,FRTA3
PORTO SEGURO,PORTO SEGURO S.A.,ON,NM,02.149.205/0001-69,PSSA3
PORTO VM,PORTO SUDESTE V.M. S.A.,UNT,,18.494.485/0001-82,PSVM11
PORTOBELLO,PBG S/A,ON,NM,83.475.913/0001-91,PTBL3
POSCO,POSCO,,DRN,,P1KX34
POSITIVO TEC,POSITIVO TECNOLOGIA S.A.,ON,NM,81.243.735/0001-48,POSI3
PPG INDUSTRI,PPG Industries Inc,,DRN,,P1PG34
PPL CORP,PPL CORP,,DRN,,P1PL34
PPLA,PPLA PARTICIPATIONS LTD.,UNT,DR3,15.073.274/0001-88,PPLA11
PRATICA,PRATICA KLIMAQUIP INDUSTRIA E COMERCIO SA,UNT,M2,08.574.411/0001-00,PTCA11
PRATICA,PRATICA KLIMAQUIP INDUSTRIA E COMERCIO SA,ON,M2,08.574.411/0001-00,PTCA3
PRINCIPAL FI,PRINCIPAL FINANCIAL GROUP INC,,DRN,,P1FG34
PRINER,PRINER SERVIÇOS INDUSTRIAIS S.A.,ON,NM,18.593.815/0001-97,PRNR3
PROFARMA,PROFARMA DISTRIB PROD FARMACEUTICOS S.A.,ON,NM,45.453.214/0001-51,PFRM3
PROLOGIS INC,Prologis Inc,,DRN,,P1LD34
PROMAN,PRODUTORES ENERGET.DE MANSO S.A.- PROMAN,ON,MB,02.291.077/0001-93,PRMN3B
PROMPT PART,PROMPT PARTICIPACOES S.A.,ON,MB,02.992.449/0001-09,PRPT3B
PRUDENTIAL F,Prudential Financial Inc,,DRN,,P1DT34
PRUDENTIAL P,PRUDENTIAL PLC,,DRN,,P1UK34
PT TELEKOMUN,PT TELEKOMUNIKASI INDONESIA PERSERO TBK,,DRN,,T1LK34
PUBLIC SERVI,Public Service Enterprise Group Inc,,DRN,,P1EG34
PUBLIC STORA,PUBLIC STORAGE,,DRN,,P1SA34
PULTEGROUP I,PULTEGROUP INC,,DRN,,P1HM34
PVH CORP,PVH CORP,,DRN,,P1VH34
QORVO INC,QORVO INC,,DRN,,Q1RV34
QUALCOMM,QUALCOMM INC.,,DRN,,QCOM34
QUALICORP,QUALICORP CONSULTORIA E CORRETORA DE SEGUROS S.A.,ON,NM,11.992.680/0001-93,QUAL3
QUALITY SOFT,QUALITY SOFTWARE S.A.,ON,MA,35.791.391/0001-94,QUSW3
QUANTA SERVI,QUANTA SERVICES INC,,DRN,,Q1UA34
QUERO-QUERO,LOJAS QUERO-QUERO S/A,ON,NM,96.418.264/0218-02,LJQQ3
QUEST DIAGNO,QUEST DIAGNOSTICS INC,,DRN,,Q1UE34
RAIADROGASIL,RAIA DROGASIL S.A.,ON,NM,61.585.865/0001-51,RADL3
RALPH LAUREN,RALPH LAUREN CORP,,DRN,,R1LC34
RANDON PART,RANDON S.A. IMPLEMENTOS E PARTICIPACOES,PN,N1,89.086.144/0001-16,RAPT4
RANDON PART,RANDON S.A. IMPLEMENTOS E PARTICIPACOES,ON,N1,89.086.144/0001-16,RAPT3
RAYMOND JAME,RAYMOND JAMES FINANCIAL INC,,DRN,,R1JF34
RAYTHEONTECH,RAYTHEON TECHNOLOGIES CORPORATION,,DRN,,RYTT34
RBCAPITALRES,RB CAPITAL COMPANHIA DE SECURITIZAÇÃO,,MB,02.773.542/0001-22,RBRA-CRA13B0
RBCAPITALRES,RB CAPITAL COMPANHIA DE SECURITIZAÇÃO,,MB,02.773.542/0001-22,RBRA-CRA16B0
RBCAPITALRES,RB CAPITAL COMPANHIA DE SECURITIZAÇÃO,,MB,02.773.542/0001-22,RBRA-CRA19B0
RBCAPITALRES,RB CAPITAL COMPANHIA DE SECURITIZAÇÃO,,MB,02.773.542/0001-22,RBRA-CRA1BB0
RBCAPITALRES,RB CAPITAL COMPANHIA DE SECURITIZAÇÃO,,MB,02.773.542/0001-22,RBRA-CRA1CB0
RBCAPITALRES,RB CAPITAL COMPANHIA DE SECURITIZAÇÃO,,MB,02.773.542/0001-22,RBRA-CRI1XB0
RBCAPITALRES,RB CAPITAL COMPANHIA DE SECURITIZAÇÃO,,MB,02.773.542/0001-22,RBRA-CRI77B0
RD SHELL,ROYAL DUTCH SHELL PLC,,DRN,,RDSA34
RD SHELL,ROYAL DUTCH SHELL PLC,,DRN,,RDSA35
REALTY INCOM,REALTY INCOME CORP,,DRN,,R1IN34
RECRUSUL,RECRUSUL S.A.,PN,,91.333.666/0001-17,RCSL4
RECRUSUL,RECRUSUL S.A.,ON,,91.333.666/0001-17,RCSL3
REDE D OR,Rede DOr São Luiz S.A.,ON,NM,06.047.087/0001-39,RDOR3
REDE ENERGIA,REDE ENERGIA PARTICIPAÇÕES S.A.,ON,,61.584.140/0001-49,REDE3
REGENCY CENT,REGENCY CENTERS CORP,,DRN,,R1EG34
REGENERON PH,REGENERON PHARMACEUTICALS INC,,DRN,,REGN34
REGIONS FINA,REGIONS FINANCIAL CORP,,DRN,,R1FC34
RELX PLC,RELX PLC,,DRN,,R1EL34
RENOVA,RENOVA ENERGIA S.A.,UNT,N2,08.534.605/0001-74,RNEW11
RENOVA,RENOVA ENERGIA S.A.,PN,N2,08.534.605/0001-74,RNEW4
RENOVA,RENOVA ENERGIA S.A.,ON,N2,08.534.605/0001-74,RNEW3
REPUBLIC SER,REPUBLIC SERVICES INC,,DRN,,R1SG34
RESMED INC,RESMED INC,,DRN,,R1MD34
RIO TINTO,RIO TINTO PLC,,DRN,,RIOT34
RIOSULENSE,METALURGICA RIOSULENSE S.A.,PN,,85.778.074/0001-06,RSUL4
RIOSULENSE,METALURGICA RIOSULENSE S.A.,ON,,85.778.074/0001-06,RSUL3
RNI,RNI NEGÓCIOS IMOBILIÁRIOS S.A.,ON,NM,67.010.660/0001-24,RDNI3
ROBERT HALF,ROBERT HALF INTERNATIONAL INC,,DRN,,R1HI34
ROCKWELL AUT,ROCKWELL AUTOMATION INC,,DRN,,R1OK34
ROKU INC,ROKU INC,,DRN,,R1KU34
ROLLINS INC,ROLLINS INC,,DRN,,R1OL34
ROPER TECHNO,ROPER TECHNOLOGIES INC,,DRN,,R1OP34
ROSS STORES,ROSS STORES. INC.,,DRN,,ROST34
ROSSI RESID,ROSSI RESIDENCIAL S.A.,ON,NM,61.065.751/0001-80,RSID3
ROYAL CARIBB,ROYAL CARIBBEAN GROUP,,DRN,,R1CL34
RUMO S.A.,RUMO S.A.,ON,NM,02.387.241/0001-60,RAIL3
RUSSELL 2000,ISHARES RUSSELL 2000 ETF,ETF,DRN,,BIWM39
RYANAIR HOLD,RYANAIR HOLDINGS PLC,,DRN,,R1YA34
SABESP,CIA SANEAMENTO BASICO EST SAO PAULO,ON,NM,43.776.517/0001-80,SBSP3
SALESFORCE,SALESFORCE.COM. INC.,,DRN,,SSFO34
SANEPAR,CIA SANEAMENTO DO PARANA - SANEPAR,UNT,N2,76.484.013/0001-45,SAPR11
SANEPAR,CIA SANEAMENTO DO PARANA - SANEPAR,PN,N2,76.484.013/0001-45,SAPR4
SANEPAR,CIA SANEAMENTO DO PARANA - SANEPAR,ON,N2,76.484.013/0001-45,SAPR3
SANSUY,SANSUY S.A. INDUSTRIA DE PLASTICOS,PNB,,14.807.945/0001-24,SNSY6
SANSUY,SANSUY S.A. INDUSTRIA DE PLASTICOS,PNA,,14.807.945/0001-24,SNSY5
SANSUY,SANSUY S.A. INDUSTRIA DE PLASTICOS,ON,,14.807.945/0001-24,SNSY3
SANTANDER,BANCO SANTANDER SA,,DRN,,BCSA34
SANTANDER BR,BCO SANTANDER (BRASIL) S.A.,UNT,,90.400.888/0001-42,SANB11
SANTANDER BR,BCO SANTANDER (BRASIL) S.A.,PN,,90.400.888/0001-42,SANB4
SANTANDER BR,BCO SANTANDER (BRASIL) S.A.,ON,,90.400.888/0001-42,SANB3
SANTANENSE,CIA TECIDOS SANTANENSE,PND,,21.255.567/0001-89,CTSA8
SANTANENSE,CIA TECIDOS SANTANENSE,PN,,21.255.567/0001-89,CTSA4
SANTANENSE,CIA TECIDOS SANTANENSE,ON,,21.255.567/0001-89,CTSA3
SANTOS BRP,SANTOS BRASIL PARTICIPACOES S.A.,ON,NM,02.762.121/0001-04,STBP3
SAO CARLOS,SAO CARLOS EMPREEND E PARTICIPACOES S.A.,ON,NM,29.780.061/0001-09,SCAR3
SAO MARTINHO,SAO MARTINHO S.A.,ON,NM,51.466.860/0001-56,SMTO3
SAP SE,SAP SE,,DRN,,SAPP34
SARAIVA LIVR,SARAIVA LIVREIROS S.A. - EM RECUPERAÇÃO JUDICIAL,UNT,N2,60.500.139/0001-26,SLED11
SARAIVA LIVR,SARAIVA LIVREIROS S.A. - EM RECUPERAÇÃO JUDICIAL,PN,N2,60.500.139/0001-26,SLED4
SARAIVA LIVR,SARAIVA LIVREIROS S.A. - EM RECUPERAÇÃO JUDICIAL,ON,N2,60.500.139/0001-26,SLED3
SARAIVA LIVR,SARAIVA LIVREIROS S.A. - EM RECUPERAÇÃO JUDICIAL,,N2,60.500.139/0001-26,SLED12
SAREPTA THER,SAREPTA THERAPEUTICS INC,,DRN,,S1RP34
SBA COMMUNIC,SBA COMMUNICATIONS CORP,,DRN,,S1BA34
SCHLUMBERGER,SCHLUMBERGER LIMITED,,DRN,,SLBG34
SCHULZ,SCHULZ S.A.,PN,,84.693.183/0001-68,SHUL4
SCHULZ,SCHULZ S.A.,ON,,84.693.183/0001-68,SHUL3
SCHWAB,THE CHARLES SCHWAB CORPORATION,,DRN,,SCHW34
SEAGATE TECH,SEAGATE TECHNOLOGY PLC,,DRN,,S1TX34
SEAGEN,SEAGEN INC.,,DRN,,S1GE34
SEALED AIR C,SEALED AIR CORP,,DRN,,S1EA34
SEG AL BAHIA,CIA SEGUROS ALIANCA DA BAHIA,PN,,15.144.017/0001-90,CSAB4
SEG AL BAHIA,CIA SEGUROS ALIANCA DA BAHIA,ON,,15.144.017/0001-90,CSAB3
SELECT DIVID,ISHARES SELECT DIVIDEND ETF,ETF,DRN,,BDVY39
SEMPRA ENERG,SEMPRA ENERGY,,DRN,,S1RE34
SEQUOIA LOG,SEQUOIA LOGISTICA E TRANSPORTES S.A,ON,NM,01.599.101/0001-93,SEQL3
SER EDUCA,SER EDUCACIONAL S.A.,ON,NM,04.986.320/0001-13,SEER3
SERVICENOW,SERVICENOW INC,,DRN,,N1OW34
SIBANYE STIL,SIBANYE STILLWATER LTD,,DRN,,S1BS34
SID NACIONAL,CIA SIDERURGICA NACIONAL,ON,,33.042.730/0001-04,CSNA3
SIGNATURE BK,SIGNATURE BANK CORP,,DRN,,SBNY34
SILVER TRUST,ISHARES SILVER TRUST,ETF,DRN,,BSLV39
SIMON PROP,SIMON PROPERTY GROUP INC,,DRN,,SIMN34
SIMPAR,SIMPAR S.A.,ON,NM,07.415.333/0001-20,SIMH3
SINQIA,SINQIA S.A.,ON,NM,04.065.791/0001-99,SQIA3
SIRIUS XM HD,SIRIUS XM HOLDINGS INC,,DRN,,SRXM34
SK TELECOM C,SK TELECOM CO LTD,,DRN,,S1KM34
SKYWORKS SOL,SKYWORKS SOLUTIONS INC,,DRN,,S1SL34
SL GREEN REA,SL GREEN REALTY CORP,,DRN,,S1LG34
SLC AGRICOLA,SLC AGRICOLA S.A.,ON,NM,89.096.457/0001-55,SLCE3
SMART FIT,SMARTFIT ESCOLA DE GINÁSTICA E DANÇA S.A.,ON,M2,07.594.978/0001-78,SMFT3
SMILES,SMILES FIDELIDADE S.A.,ON,NM,05.730.375/0001-20,SMLS3
SMITH NEPH,SMITH & NEPHEW PLC,,DRN,,S1NN34
SNAP-ON INC,SNAP-ON INC,,DRN,,S1NA34
SONDOTECNICA,SONDOTECNICA ENGENHARIA SOLOS S.A.,PNB,,33.386.210/0001-19,SOND6
SONDOTECNICA,SONDOTECNICA ENGENHARIA SOLOS S.A.,PNA,,33.386.210/0001-19,SOND5
SONDOTECNICA,SONDOTECNICA ENGENHARIA SOLOS S.A.,ON,,33.386.210/0001-19,SOND3
SONY CORP,SONY CORP,,DRN,,SNEC34
SOUTHWEST AI,SOUTHWEST AIRLINES CO,,DRN,,S1OU34
SP GLOBAL,S&P GLOBAL INC,,DRN,,SPGI34
SPLUNK INC,SPLUNK INC,,DRN,,S1PL34
SPOTIFY TECH,SPOTIFY TECHNOLOGY SA,,DRN,,S1PO34
SPRINGS,SPRINGS GLOBAL PARTICIPACOES S.A.,ON,NM,07.718.269/0001-57,SGPS3
SPTURIS,SAO PAULO TURISMO S.A.,PNB,,62.002.886/0001-60,AHEB6
SPTURIS,SAO PAULO TURISMO S.A.,PNA,,62.002.886/0001-60,AHEB5
SPTURIS,SAO PAULO TURISMO S.A.,ON,,62.002.886/0001-60,AHEB3
SSC TECHNOL,SS&C TECHNOLOGIES HOLDINGS INC,,DRN,,S1SN34
STANLEY BLAC,STANLEY BLACK & DECKER INC,,DRN,,S1WK34
STARA,STARA S.A. - INDÚSTRIA DE IMPLEMENTOS AGRÍCOLAS,ON,MA,91.495.499/0001-00,STTR3
STARBUCKS,STARBUCKS CORPORATION,,DRN,,SBUB34
STATE STREET,STATE STREET CORP,,DRN,,S1TT34
STATKRAFT,STATKRAFT ENERGIAS RENOVAVEIS S.A.,ON,,00.622.416/0001-41,STKF3
STERIS PLC,STERIS PLC,,DRN,,S1TE34
STERLING BNC,STERLING BANCORP,,DRN,,SLBC34
STMICROEL,STMICROELECTRONICS NV,,DRN,,STMN34
STRYKER CORP,STRYKER CORP,,DRN,,S1YK34
SUDESTE S/A,SUDESTE S.A.,ON,MB,02.062.747/0001-08,OPSE3B
SUL 116 PART,SUL 116 PARTICIPACOES S.A.,ON,MB,01.957.772/0001-89,OPTS3B
SUL AMERICA,SUL AMERICA S.A.,UNT,N2,29.978.814/0001-87,SULA11
SUL AMERICA,SUL AMERICA S.A.,PN,N2,29.978.814/0001-87,SULA4
SUL AMERICA,SUL AMERICA S.A.,ON,N2,29.978.814/0001-87,SULA3
SUMITOMO MIT,SUMITOMO MITSUI FINANCIAL GROUP INC,,DRN,,S1MF34
SUZANO HOLD,SUZANO HOLDING S.A.,PNB,,60.651.809/0001-05,NEMO6
SUZANO HOLD,SUZANO HOLDING S.A.,PNA,,60.651.809/0001-05,NEMO5
SUZANO HOLD,SUZANO HOLDING S.A.,ON,,60.651.809/0001-05,NEMO3
SUZANO S.A.,SUZANO S.A.,ON,NM,16.404.287/0001-55,SUZB3
SVB FINANCIA,SVB FINANCIAL GROUP,,DRN,,S1IV34
SYNCHRONY FI,SYNCHRONY FINANCIAL,,DRN,,S1YF34
SYNOPSYS INC,SYNOPSYS INC,,DRN,,S1NP34
SYSCO CORP,SYSCO CORP,,DRN,,S1YY34
T ROWE PRICE,T ROWE PRICE GROUP INC,,DRN,,T1RO34
T-MOBILE US,T-MOBILE US INC,,DRN,,T1MU34
TAESA,TRANSMISSORA ALIANÇA DE ENERGIA ELÉTRICA S.A.,UNT,N2,07.859.971/0001-30,TAEE11
TAESA,TRANSMISSORA ALIANÇA DE ENERGIA ELÉTRICA S.A.,PN,N2,07.859.971/0001-30,TAEE4
TAESA,TRANSMISSORA ALIANÇA DE ENERGIA ELÉTRICA S.A.,ON,N2,07.859.971/0001-30,TAEE3
TAIWANSMFAC,TAIWAN SEMICONDUCTOR MANUFACTURING CO LTD,,DRN,,TSMC34
TAKE-TWO INT,TAKE-TWO INTERACTIVE SOFTWARE INC,,DRN,,T1TW34
TAKEDAPH,TAKEDA PHARMACEUTICAL CO LTD,,DRN,,TAKP34
TAL EDUCATIO,TAL EDUCATION GROUP,,DRN,,T1AL34
TAPESTRY INC,TAPESTRY INC,,DRN,,TPRY34
TARGET CORP,TARGET CORP,,DRN,,TGTB34
TAURUS ARMAS,TAURUS ARMAS S.A.,PN,N2,92.781.335/0001-02,TASA4
TAURUS ARMAS,TAURUS ARMAS S.A.,ON,N2,92.781.335/0001-02,TASA3
TAURUS ARMAS,TAURUS ARMAS S.A.,,N2,92.781.335/0001-02,TASA13
TAURUS ARMAS,TAURUS ARMAS S.A.,,N2,92.781.335/0001-02,TASA15
TAURUS ARMAS,TAURUS ARMAS S.A.,,N2,92.781.335/0001-02,TASA17
TE CONNECTIV,TE CONNECTIVITY LTD,,DRN,,T1EL34
TECHNIPFMC P,TechnipFMC PLC,,DRN,,T1EC34
TECHNOS,TECHNOS S.A.,ON,NM,09.295.063/0001-97,TECN3
TECNISA,TECNISA S.A.,ON,NM,08.065.557/0001-12,TCSA3
TECNOSOLO,TECNOSOLO ENGENHARIA S.A.,PN,,33.111.246/0001-90,TCNO4
TECNOSOLO,TECNOSOLO ENGENHARIA S.A.,ON,,33.111.246/0001-90,TCNO3
TEGMA,TEGMA GESTAO LOGISTICA S.A.,ON,NM,02.351.144/0001-18,TGMA3
TEKA,TEKA-TECELAGEM KUEHNRICH S.A.,PN,,82.636.986/0001-55,TEKA4
TEKA,TEKA-TECELAGEM KUEHNRICH S.A.,ON,,82.636.986/0001-55,TEKA3
TEKNO,TEKNO S.A. - INDUSTRIA E COMERCIO,PN,,33.467.572/0001-34,TKNO4
TEKNO,TEKNO S.A. - INDUSTRIA E COMERCIO,ON,,33.467.572/0001-34,TKNO3
TELEBRAS,TELEC BRASILEIRAS S.A. TELEBRAS,PN,,00.336.701/0001-04,TELB4
TELEBRAS,TELEC BRASILEIRAS S.A. TELEBRAS,ON,,00.336.701/0001-04,TELB3
TELEF BRASIL,TELEFÔNICA BRASIL S.A,ON,,02.558.157/0001-62,VIVT3
TELEFLEX INC,TELEFLEX INC,,DRN,,T1FX34
TELEFONIC,TELEFONICA SA,,DRN,,TLNC34
TENARIS SA,TENARIS SA,,DRN,,T1SS34
TENDA,CONSTRUTORA TENDA S.A.,ON,NM,71.476.527/0001-35,TEND3
TERNIUMSA,TERNIUM SA,,DRN,,TXSA34
TERRA SANTA,TERRA SANTA AGRO S.A.,ON,NM,05.799.312/0001-20,TESA3
TERRA SANTA,TERRA SANTA AGRO S.A.,,NM,05.799.312/0001-20,TESA12
TESLA INC,TESLA. INC,,DRN,,TSLA34
TEVA PHARMAC,TEVA PHARMACEUTICAL INDUSTRIES LTD,,DRN,,T1EV34
TEX RENAUX,TEXTIL RENAUXVIEW S.A.,ON,,82.982.075/0001-80,TXRX3
TEXAS INC,TEXAS INSTRUMENTS INC.,,DRN,,TEXA34
TEXTRON INC,TEXTRON INC,,DRN,,T1XT34
THE JM SMUCK,THE JM SMUCKER CO,,DRN,,S1JM34
THE PROGRESS,The Progressive Corp,,DRN,,P1GR34
THE SHERWIN,THE SHERWIN-WILLIAMS CO,,DRN,,S1HW34
THE SOUTHERN,THE SOUTHERN CO,,DRN,,T1SO34
THERMFISCHER,THERMO FISHER SCIENTIFIC. INC.,,DRN,,TMOS34
TIFFANY,TIFFANY CO,,DRN,,TIFF34
TIM,TIM S.A.,ON,NM,02.421.421/0001-11,TIMS3
TIME FOR FUN,T4F ENTRETENIMENTO S.A.,ON,NM,02.860.694/0001-62,SHOW3
TJX COMPANIE,TJX COMPANIES INC,,DRN,,TJXC34
TOTVS,TOTVS S.A.,ON,NM,53.113.791/0001-22,TOTS3
TOYOTAMO,TOYOTA MOTOR CORP.,,DRN,,TMCO34
TRACK FIELD,TRACK & FIELD CO S.A.,PN,N2,59.418.806/0001-47,TFCO4
TRACTOR SUPP,TRACTOR SUPPLY CO,,DRN,,T1SC34
TRAN PAULIST,CTEEP - CIA TRANSMISSÃO ENERGIA ELÉTRICA PAULISTA,PN,N1,02.998.611/0001-04,TRPL4
TRAN PAULIST,CTEEP - CIA TRANSMISSÃO ENERGIA ELÉTRICA PAULISTA,ON,N1,02.998.611/0001-04,TRPL3
TRANE TECH,TRANE TECHNOLOGIES PLC,,DRN,,I1RP34
TRANSDIGM GR,TRANSDIGM GROUP INC,,DRN,,T1DG34
TRANSOCEAN,TRANSOCEAN LTD.,,DRN,,RIGG34
TRAVELERS,THE TRAVELERS COMPANIES. INC,,DRN,,TRVC34
TREVISA,TREVISA INVESTIMENTOS S.A.,PN,,92.660.570/0001-26,LUXM4
TREVISA,TREVISA INVESTIMENTOS S.A.,ON,,92.660.570/0001-26,LUXM3
TRIPADVISOR,TRIPADVISOR INC,,DRN,,T1RI34
TRISUL,TRISUL S.A.,ON,NM,08.811.643/0001-27,TRIS3
TRIUNFO PART,TPI - TRIUNFO PARTICIP. E INVEST. S.A.,ON,NM,03.014.553/0001-91,TPIS3
TRTMSCI EAFE,ISHARES ESG AWARE MSCI EAFE ETF,ETF,DRN,,BEGD39
TRUESEC,TRUE SECURITIZADORA S.A.,,,12.130.744/0001-00,APCS-CRI05B0
TRUIST FINAN,TRUIST FINANCIAL CORPORATION,,DRN,,B1BT34
TRUSTMSCI US,ISHARES ESG AWARE MSCI USA ETF,ETF,DRN,,BEGU39
TUPY,TUPY S.A.,ON,NM,84.683.374/0001-49,TUPY3
TWILIO INC,TWILIO INC,,DRN,,T1WL34
TWITTER,TWITTER. INC.,,DRN,,TWTR34
TYSON FOODS,TYSON FOODS INC,,DRN,,TSNF34
UBER TECH IN,UBER TECHNOLOGIES INC,,DRN,,U1BE34
UBS GROUP,UBS GROUP AG,,DRN,,UBSG34
UDR INC,UDR INC,,DRN,,U1DR34
ULTA BEAUTY,ULTA BEAUTY INC,,DRN,,U1LT34
ULTRAPAR,ULTRAPAR PARTICIPACOES S.A.,ON,NM,33.256.439/0001-39,UGPA3
UNDER ARMOUR,UNDER ARMOUR INC,,DRN,,U1AI34
UNICASA,UNICASA INDÚSTRIA DE MÓVEIS S.A.,ON,NM,90.441.460/0001-48,UCAS3
UNILEVER,UNILEVER PLC,,DRN,,ULEV34
UNIONPACIFIC,UNION PACIFIC CORPORATION,,DRN,,UPAC34
UNIPAR,UNIPAR CARBOCLORO S.A.,PNB,,33.958.695/0001-78,UNIP6
UNIPAR,UNIPAR CARBOCLORO S.A.,PNA,,33.958.695/0001-78,UNIP5
UNIPAR,UNIPAR CARBOCLORO S.A.,ON,,33.958.695/0001-78,UNIP3
UNITED AIRLI,UNITED AIRLINES HOLDINGS INC,,DRN,,U1AL34
UNITED RENTA,UNITED RENTALS INC,,DRN,,U1RI34
UNITEDHEALTH,UNITEDHEALTH GROUP INC,,DRN,,UNHH34
UNIVERSAL HE,UNIVERSAL HEALTH SERVICES INC,,DRN,,U1HS34
UNUM GROUP,UNUM GROUP,,DRN,,U1NM34
UPS,UNITED PARCEL SERVICE. INC.,,DRN,,UPSS34
UPTICK,UPTICK PARTICIPACOES S.A.,ON,MB,02.162.616/0001-94,UPKP3B
US AEROSPACE,ISHARES US AEROSPACE & DEFENSE ETF,ETF,DRN,,BAER39
US BANCORP,U.S. BANCORP,,DRN,,USBC34
US FINANCIAL,ISHARES US FINANCIALS ETF,ETF,DRN,,BIYF39
US STEEL,UNITED STATES STEEL CORPORATION,,DRN,,USSX34
US TECHNOLOG,ISHARES US TECHNOLOGY ETF,ETF,DRN,,BIYW39
USIMINAS,USINAS SID DE MINAS GERAIS S.A.-USIMINAS,PNB,N1,60.894.730/0001-05,USIM6
USIMINAS,USINAS SID DE MINAS GERAIS S.A.-USIMINAS,PNA,N1,60.894.730/0001-05,USIM5
USIMINAS,USINAS SID DE MINAS GERAIS S.A.-USIMINAS,ON,N1,60.894.730/0001-05,USIM3
VALE,VALE S.A.,ON,NM,33.592.510/0001-54,VALE3
VALERO ENER,VALERO ENERGY CORPORATION,,DRN,,VLOE34
VALID,VALID SOLUÇÕES S.A.,ON,NM,33.113.309/0001-47,VLID3
VALLEY NTION,VALLEY NATIONAL BANCORP,,DRN,,VLYB34
VARIAN MEDIC,VARIAN MEDICAL SYSTEMS INC,,DRN,,V1AR34
VENTAS INC,VENTAS INC,,DRN,,V1TA34
VERISIGN INC,VERISIGN INC,,DRN,,VRSN34
VERISK ANALY,VERISK ANALYTICS INC,,DRN,,V1RS34
VERIZON,VERIZON COMMUNICATIONS INC.,,DRN,,VERZ34
VERTCIASEC,VERT COMPANHIA SECURITIZADORA,,,25.005.683/0001-09,VERT-CRAE2B0
VERTEX PHARM,VERTEX PHARMACEUTICALS INC,,DRN,,VRTX34
VF CORP,VF CORP,,DRN,,VFCO34
VIACOMCBS,VIACOMCBS Inc.,,DRN,,C1BS34
VIAVAREJO,VIA VAREJO S.A.,ON,NM,33.041.260/0652-90,VVAR3
VIPSHOP HOLD,VIPSHOP HOLDINGS LTD,,DRN,,V1IP34
VISA INC,VISA INC.,,DRN,,VISA34
VIVARA S.A.,VIVARA PARTICIPAÇOES S.A,ON,NM,33.839.910/0001-11,VIVA3
VIVER,VIVER INCORPORADORA E CONSTRUTORA S.A.,ON,NM,67.571.414/0001-41,VIVR3
VODAFONE GRO,VODAFONE GROUP PUBLIC LTD COMPANY,,DRN,,V1OD34
VORNADO REAL,VORNADO REALTY TRUST,,DRN,,V1NO34
VULCABRAS,VULCABRAS/AZALEIA S.A.,ON,NM,50.926.955/0001-42,VULC3
VULCAN MATER,VULCAN MATERIALS CO,,DRN,,V1MC34
WABTEC CORP,WABTEC CORP,,DRN,,W1AB34
WAL MART,WALMART INC.,,DRN,,WALM34
WALGREENS,WALGREENS BOOTS ALLIANCE INC,,DRN,,WGBA34
WALT DISNEY,THE WALT DISNEY COMPANY,,DRN,,DISB34
WARNER MUSIC,WARNER MUSIC GROUP CORPORATION,,DRN,,W1MG34
WASTE MANAG,WASTE MANAGEMENT INC,,DRN,,W1MC34
WATERS CORP,WATERS CORP,,DRN,,WATC34
WATSCO INC,WATSCO INC,,DRN,,W1SO34
WEC ENERGY G,WEC ENERGY GROUP INC,,DRN,,W1EC34
WEG,WEG S.A.,ON,NM,84.429.695/0001-11,WEGE3
WEIBO CORP,WEIBO CORP,,DRN,,W1BO34
WELLS FARGO,WELLS FARGO & COMPANY,,DRN,,WFCO34
WELLTOWER IN,WELLTOWER INC,,DRN,,W1EL34
WESTERN BCOR,WESTERN ALLIANCE BANCORPORATION,,DRN,,WABC34
WESTERN DIG,WESTERN DIGITAL CORP,,DRN,,W1DC34
WESTERNUNION,THE WESTERN UNION COMPANY,,DRN,,WUNI34
WESTPAC BANK,WESTPAC BANKING CORP,,DRN,,W1BK34
WESTROCK CO,WESTROCK CO,,DRN,,W1RK34
WETZEL S/A,WETZEL S.A.,PN,,84.683.671/0001-94,MWET4
WETZEL S/A,WETZEL S.A.,ON,,84.683.671/0001-94,MWET3
WEYERHAEUSER,WEYERHAEUSER CO,,DRN,,W1YC34
WHIRLPOOL,WHIRLPOOL S.A.,PN,,59.105.999/0001-86,WHRL4
WHIRLPOOL,WHIRLPOOL S.A.,ON,,59.105.999/0001-86,WHRL3
WHIRLPOOL CO,WHIRLPOOL CORP,,DRN,,W1HR34
WILLIAMS COS,THE WILLIAMS COS INC,,DRN,,W1MB34
WILLIS TOWER,WILLIS TOWERS WATSON PLC,,DRN,,W1LT34
WILSON SONS,WILSON SONS LTD.,,DR3,05.721.735/0001-28,WSON33
WIX.COM LTD,WIX.COM LTD,,DRN,,W1IX34
WIZ S.A.,WIZ SOLUÇÕES E CORRETAGEM DE SEGUROS S.A.,ON,NM,42.278.473/0001-03,WIZS3
WLM IND COM,WLM PART. E COMÉRCIO DE MÁQUINAS E VEÍCULOS S.A.,PN,,33.228.024/0001-51,WLMM4
WLM IND COM,WLM PART. E COMÉRCIO DE MÁQUINAS E VEÍCULOS S.A.,ON,,33.228.024/0001-51,WLMM3
WORKDAY INC,WORKDAY INC,,DRN,,W1DA34
WPP PLC,WPP PLC,,DRN,,W1PP34
WR BERKLEY C,WR BERKLEY CORPORATION,,DRN,,W1RB34
WW GRAINGER,WW GRAINGER INC,,DRN,,G1WW34
WYNN RESORTS,WYNN RESORTS LTD,,DRN,,W1YN34
XCEL ENERGY,XCEL ENERGY INC,,DRN,,X1EL34
XEROX CORP,XEROX HOLDINGS CORPORATION,,DRN,,XRXB34
XILINX INC,XILINX INC,,DRN,,X1LN34
XYLEM INC,XYLEM INC,,DRN,,X1YL34
YDUQS PART,YDUQS PARTICIPACOES S.A.,ON,NM,08.807.432/0001-10,YDUQ3
YUM BRANDS,YUM BRANDS INC,,DRN,,YUMR34
ZEBRA TECHNO,ZEBRA TECHNOLOGIES CORPORATION,,DRN,,Z1BR34
ZIMMER BIOME,ZIMMER BIOMET HOLDINGS INC,,DRN,,Z1BH34
ZIONSBANCORP,ZIONS BANCORPORATION NA,,DRN,,Z1IO34
ZOETIS INC,ZOETIS INC,,DRN,,Z1TS34
ZOOM VIDEO,ZOOM VIDEO COMMUNICATIONS INC,,DRN,,Z1OM34
ZTO EXPRESS,ZTO EXPRESS CAYMAN INC,,DRN,,Z1TO34
